transactionid,date,region,product,business_unit,customer,revenue,cogs,operating_expense,interest,tax,financial_metric,actual,budget,month,year,gross_profit,ebitda,net_profit,net_profit_margin
TXN00039,2024-09-15,West,Desktop Workstation,South Region,Josys,254841.0,140366,74167,3625,7336,Net Profit,1605000,1476600,Sep,2024,114475,40308,29347,0.1152
TXN00415,2025-01-15,West,Ergonomic Mouse,East Region,Gohub,218503.0,120776,50427,2631,8933,Operating Expenses,3355000,3522750,Jan,2025,97727,47300,35736,0.1635
TXN00244,2024-10-15,North,External SSD 1TB,West Region,Qihub,352753.0,198647,56692,6966,18089,Operating Expenses,3180000,3339000,Oct,2024,154106,97414,72359,0.2051
TXN00030,2024-12-15,West,External SSD 1TB,East Region,Zatek,251404.0,142742,32098,2252,14862,Revenue,12265000,11283800,Dec,2024,108662,76564,59450,0.2365
TXN00468,2025-06-15,North,Desktop Workstation,East Region,Fipro,240905.0,135266,46510,2643,11297,Gross Profit,5820000,5354400,Jun,2025,105639,59129,45189,0.1876
TXN00165,2025-03-15,North,Wireless Keyboard,West Region,Orpro,157771.0,88571,54337,3487,2275,Gross Profit,5635000,5184200,Mar,2025,69200,14863,9101,0.0577
TXN00432,2025-06-15,North,Laser Printer,West Region,Fizon,263863.0,150629,73080,4203,7190,Operating Expenses,3615000,3795750,Jun,2025,113234,40154,28761,0.109
TXN00164,2025-02-15,East,Laser Printer,East Region,Josys,165904.0,98536,59430,3412,905,Net Profit,1880000,1729600,Feb,2025,67368,7938,3621,0.0218
TXN00050,2024-08-15,South,External SSD 2TB,North Region,Elzon,258506.0,153034,67658,4621,6638,Operating Expenses,3055000,3207750,Aug,2024,105472,37814,26555,0.1027
TXN00499,2025-01-15,East,Webcam HD,East Region,Hapro,168476.0,99272,49262,5832,2822,Gross Profit,5565000,5119800,Jan,2025,69204,19942,11288,0.067
TXN00248,2025-02-15,East,Office Printer,North Region,Kazon,256536.0,150302,43134,3103,11999,Operating Expenses,3390000,3559500,Feb,2025,106234,63100,47998,0.1871
TXN00257,2024-11-15,East,External SSD 2TB,South Region,Wamax,305356.0,180630,43237,5977,15102,Gross Profit,5435000,5000200,Nov,2024,124726,81489,60410,0.1978
TXN00445,2024-07-15,East,Bluetooth Speaker,North Region,Demax,166820.0,93154,78584,5177,-2019,Gross Profit,5245000,4825400,Jul,2024,73666,-4918,-8076,-0.0484
TXN00043,2025-01-15,East,Office Printer,South Region,Cagen,238347.0,140348,69480,3996,4904,Net Profit,1815000,1669800,Jan,2025,97999,28519,19619,0.0823
TXN00396,2025-06-15,West,Noise Cancelling Headset,East Region,Elgen,444028.0,264596,55052,2669,24342,Net Profit,2110000,1941200,Jun,2025,179432,124380,97369,0.2193
TXN00479,2025-05-15,East,Wireless Keyboard,South Region,Acart,294587.0,167448,42735,3023,16276,Gross Profit,5770000,5308400,May,2025,127139,84404,65105,0.221
TXN00457,2024-07-15,East,Laptop Pro 14,North Region,Dezon,224744.0,131428,46400,5334,8316,Operating Expenses,3045000,3197250,Jul,2024,93316,46916,33266,0.148
TXN00437,2024-11-15,West,Laser Printer,North Region,Yotek,229585.0,132452,89149,5211,554,Revenue,12255000,11274600,Nov,2024,97133,7984,2219,0.0097
TXN00453,2025-03-15,East,Business Laptop 15,East Region,Rapro,226621.0,134189,39384,5489,9511,Gross Profit,5665000,5211800,Mar,2025,92432,53048,38048,0.1679
TXN00155,2025-05-15,South,Desktop Workstation,West Region,Yohub,267725.0,153113,49232,4339,12208,Operating Expenses,3535000,3711750,May,2025,114612,65380,48833,0.1824
TXN00025,2024-07-15,North,Wireless Mouse,North Region,Azon,284865.0,170729,50529,4340,11853,Operating Expenses,3000000,3150000,Jul,2024,114136,63607,47414,0.1664
TXN00092,2025-02-15,West,Desktop Workstation,South Region,Ivpro,319760.0,188788,73443,2465,11012,Gross Profit,5575000,5129000,Feb,2025,130972,57529,44052,0.1378
TXN00183,2024-09-15,South,Noise Cancelling Headset,South Region,Kagen,339943.0,192575,84526,2005,12167,Net Profit,1620000,1490400,Sep,2024,147368,62842,48670,0.1432
TXN00049,2024-07-15,North,Laptop Pro 14,North Region,Asys,151777.0,88635,56655,2243,848,Revenue,12005000,11044600,Jul,2024,63142,6487,3396,0.0224
TXN00251,2025-05-15,North,Bluetooth Speaker,East Region,Zahub,383063.0,224107,32565,4096,24459,Operating Expenses,3545000,3722250,May,2025,158956,126391,97836,0.2554
TXN00371,2025-05-15,North,Ergonomic Mouse,North Region,Agen,243853.0,143138,36755,5211,11749,Revenue,12560000,11555200,May,2025,100715,63960,47000,0.1927
TXN00105,2025-03-15,East,4K Monitor 32,West Region,Ortek,410631.0,240396,84836,5880,15903,Revenue,12430000,11435600,Mar,2025,170235,85399,63616,0.1549
TXN00249,2025-03-15,South,Laptop Stand,East Region,Palab,258174.0,150155,36625,3615,13555,Revenue,12445000,11449400,Mar,2025,108019,71394,54224,0.21
TXN00324,2025-06-15,West,Mechanical Keyboard,West Region,Elmax,428887.0,242574,33112,3373,29965,Gross Profit,5805000,5340600,Jun,2025,186313,153201,119863,0.2795
TXN00048,2025-06-15,South,USB-C Dock,South Region,Bezon,406882.0,243587,66849,6476,17994,Operating Expenses,3575000,3753750,Jun,2025,163295,96446,71976,0.1769
TXN00225,2025-03-15,West,USB-C Dock,North Region,Pazon,272497.0,160861,72620,2315,7340,Operating Expenses,3440000,3612000,Mar,2025,111636,39016,29361,0.1077
TXN00211,2025-01-15,North,Laptop Stand,East Region,Elpro,312021.0,180015,89079,6054,7374,Gross Profit,5535000,5092200,Jan,2025,132006,42927,29499,0.0945
TXN00151,2025-01-15,South,External SSD 1TB,South Region,Eltek,377620.0,224324,54510,4528,18851,Revenue,12330000,11343600,Jan,2025,153296,98786,75407,0.1997
TXN00461,2024-11-15,South,Business Laptop 15,North Region,Yozon,250332.0,147772,50243,5407,9382,Operating Expenses,3255000,3417750,Nov,2024,102560,52317,37528,0.1499
TXN00180,2025-06-15,West,Ergonomic Mouse,West Region,Capro,209666.0,121948,67346,4012,3272,Gross Profit,5790000,5326800,Jun,2025,87718,20372,13088,0.0624
TXN00250,2025-04-15,North,Business Laptop 15,East Region,Ulpro,180935.0,108139,50365,2211,4044,Gross Profit,5695000,5239400,Apr,2025,72796,22431,16176,0.0894
TXN00344,2025-02-15,East,External SSD 2TB,North Region,Luzon,423948.0,241989,73586,2093,21256,Operating Expenses,3400000,3570000,Feb,2025,181959,108373,85024,0.2006
TXN00188,2025-02-15,East,External SSD 2TB,East Region,Jopro,359509.0,209873,55337,2026,18454,Gross Profit,5585000,5138200,Feb,2025,149636,94299,73819,0.2053
TXN00259,2025-01-15,East,Wireless Mouse,West Region,Fimax,332506.0,186181,80860,5795,11934,Gross Profit,5540000,5096800,Jan,2025,146325,65465,47736,0.1436
TXN00316,2024-10-15,North,Wireless Mouse,South Region,Ralab,290023.0,171990,35598,6014,15284,Revenue,12190000,11214800,Oct,2024,118033,82435,61137,0.2108
TXN00470,2024-08-15,North,Noise Cancelling Headset,South Region,Ivpro,306704.0,172717,64753,6068,12633,Gross Profit,5300000,4876000,Aug,2024,133987,69234,50533,0.1648
TXN00053,2024-11-15,East,Office Monitor 24,East Region,Ultek,363307.0,211816,71461,2040,15598,Revenue,12215000,11237800,Nov,2024,151491,80030,62392,0.1717
TXN00127,2025-01-15,North,Office Printer,East Region,Dehub,235849.0,141246,67312,5741,4310,Operating Expenses,3325000,3491250,Jan,2025,94603,27291,17240,0.0731
TXN00044,2025-02-15,West,Wireless Mouse,West Region,Ivmax,243006.0,143044,89844,2259,1571,Gross Profit,5570000,5124400,Feb,2025,99962,10118,6288,0.0259
TXN00035,2025-05-15,East,Laptop Pro 14,East Region,Xelab,331300.0,188377,37063,6613,19849,Revenue,12525000,11523000,May,2025,142923,105860,79398,0.2397
TXN00014,2024-08-15,North,USB-C Dock,East Region,Degen,249056.0,147269,85253,5008,2305,Net Profit,1550000,1426000,Aug,2024,101787,16534,9221,0.037
TXN00500,2025-02-15,North,USB-C Dock,South Region,Migen,156868.0,88349,59163,2405,1390,Net Profit,1915000,1761800,Feb,2025,68519,9356,5561,0.0355
TXN00372,2025-06-15,East,Noise Cancelling Headset,North Region,Elpro,405910.0,236602,59710,5331,20853,Gross Profit,5810000,5345200,Jun,2025,169308,109598,83414,0.2055
TXN00012,2025-06-15,North,Webcam HD,East Region,Aflow,360327.0,198929,58913,5312,19434,Net Profit,2070000,1904400,Jun,2025,161398,102485,77739,0.2157
TXN00378,2024-12-15,North,Business Laptop 15,East Region,Bemax,293590.0,175772,75519,5950,7269,Gross Profit,5500000,5060000,Dec,2024,117818,42299,29080,0.099
TXN00460,2024-10-15,South,Laptop Stand,West Region,Titek,264593.0,150156,69328,3643,8293,Revenue,12205000,11228600,Oct,2024,114437,45109,33173,0.1254
TXN00314,2024-08-15,North,Office Printer,East Region,Hatek,332993.0,185580,66673,6711,14805,Revenue,12085000,11118200,Aug,2024,147413,80740,59224,0.1779
TXN00162,2024-12-15,South,External SSD 2TB,South Region,Amart,258842.0,145153,82244,6054,5078,Net Profit,1775000,1633000,Dec,2024,113689,31445,20313,0.0785
TXN00440,2025-02-15,East,Bluetooth Speaker,North Region,Mizon,329160.0,195490,65709,3367,12918,Operating Expenses,3410000,3580500,Feb,2025,133670,67961,51676,0.157
TXN00436,2024-10-15,South,Desktop Workstation,North Region,Suhub,333329.0,194077,33071,3232,20589,Operating Expenses,3200000,3360000,Oct,2024,139252,106181,82360,0.2471
TXN00190,2025-04-15,West,Webcam HD,West Region,Ultek,158631.0,93136,80159,2029,-3338,Revenue,12490000,11490800,Apr,2025,65495,-14664,-13355,-0.0842
TXN00346,2025-04-15,West,External SSD 1TB,North Region,Vipro,411284.0,226857,85235,6022,18634,Gross Profit,5705000,5248600,Apr,2025,184427,99192,74536,0.1812
TXN00207,2024-09-15,North,Laser Printer,West Region,Lumax,179771.0,105876,71666,3749,-304,Gross Profit,5325000,4899000,Sep,2024,73895,2229,-1216,-0.0068
TXN00160,2024-10-15,West,Bluetooth Speaker,North Region,Pagen,332525.0,192019,49035,5256,17243,Net Profit,1670000,1536400,Oct,2024,140506,91471,68972,0.2074
TXN00375,2024-09-15,North,Laptop Stand,West Region,Migen,185176.0,106840,47075,6417,4968,Net Profit,1640000,1508800,Sep,2024,78336,31261,19876,0.1073
TXN00215,2025-05-15,East,External SSD 1TB,West Region,Zasys,432623.0,252640,65204,6352,21685,Net Profit,2040000,1876800,May,2025,179983,114779,86742,0.2005
TXN00175,2025-01-15,East,Mechanical Keyboard,West Region,Elzon,261512.0,144516,82609,5175,5842,Operating Expenses,3330000,3496500,Jan,2025,116996,34387,23370,0.0894
TXN00047,2025-05-15,East,Webcam HD,East Region,Xepro,419586.0,241825,66102,5724,21187,Gross Profit,5725000,5267000,May,2025,177761,111659,84748,0.202
TXN00023,2025-05-15,East,Office Printer,South Region,Xesys,313007.0,172802,82834,5465,10381,Net Profit,2020000,1858400,May,2025,140205,57371,41525,0.1327
TXN00348,2025-06-15,East,Bluetooth Speaker,East Region,Elsys,372373.0,217572,45870,5838,20618,Net Profit,2105000,1936600,Jun,2025,154801,108931,82475,0.2215
TXN00283,2025-01-15,South,External SSD 1TB,West Region,Fisys,200457.0,112377,51484,2424,6834,Net Profit,1840000,1692800,Jan,2025,88080,36596,27338,0.1364
TXN00258,2024-12-15,North,External SSD 1TB,East Region,Anova,268474.0,159812,44207,2283,12434,Net Profit,1785000,1642200,Dec,2024,108662,64455,49738,0.1853
TXN00157,2024-07-15,East,Laptop Pro 14,North Region,Aware,165066.0,95841,65908,2494,164,Gross Profit,5215000,4797800,Jul,2024,69225,3317,659,0.004
TXN00260,2025-02-15,South,Office Printer,East Region,Kasys,300129.0,169769,75518,2830,10402,Net Profit,1890000,1738800,Feb,2025,130360,54842,41610,0.1386
TXN00261,2025-03-15,North,Wireless Keyboard,South Region,Papro,158339.0,88899,87141,6356,-4811,Gross Profit,5645000,5193400,Mar,2025,69440,-17701,-19246,-0.1215
TXN00013,2024-07-15,East,Office Monitor 24,West Region,Amax,441887.0,243686,60647,2432,27024,Gross Profit,5200000,4784000,Jul,2024,198201,137554,108098,0.2446
TXN00145,2024-07-15,North,Laptop Pro 16,West Region,Atron,365991.0,210134,31667,6702,23497,Revenue,12015000,11053800,Jul,2024,155857,124190,93991,0.2568
TXN00273,2025-03-15,North,External SSD 1TB,North Region,Pahub,200584.0,111807,47661,4615,7300,Operating Expenses,3445000,3617250,Mar,2025,88777,41116,29201,0.1456
TXN00494,2024-08-15,West,Desktop Workstation,West Region,Ivgen,330668.0,193082,84169,3346,10014,Net Profit,1600000,1472000,Aug,2024,137586,53417,40057,0.1211
TXN00386,2024-08-15,North,Laser Printer,East Region,Hahub,441714.0,246405,57034,3742,26906,Operating Expenses,3090000,3244500,Aug,2024,195309,138275,107627,0.2437
TXN00239,2025-05-15,East,Webcam HD,West Region,Zapro,221037.0,126671,84137,4031,1239,Gross Profit,5745000,5285400,May,2025,94366,10229,4959,0.0224
TXN00067,2025-01-15,North,Bluetooth Speaker,South Region,Demax,435509.0,250400,57225,2283,25120,Gross Profit,5520000,5078400,Jan,2025,185109,127884,100481,0.2307
TXN00126,2024-12-15,East,Office Monitor 24,West Region,Atek,372311.0,211439,74851,6040,15996,Revenue,12275000,11293000,Dec,2024,160872,86021,63985,0.1719
TXN00134,2024-08-15,West,Bluetooth Speaker,South Region,Fimax,192431.0,110481,47712,3098,6228,Gross Profit,5265000,4843800,Aug,2024,81950,34238,24912,0.1295
TXN00364,2024-10-15,West,Wireless Keyboard,North Region,Sutek,180722.0,99478,51403,2513,5465,Revenue,12195000,11219400,Oct,2024,81244,29841,21863,0.121
TXN00253,2024-07-15,North,Desktop Workstation,West Region,Bemax,215075.0,119944,44723,5354,9010,Gross Profit,5225000,4807000,Jul,2024,95131,50408,36044,0.1676
TXN00101,2024-11-15,North,Noise Cancelling Headset,South Region,Ullab,291983.0,169755,43833,2280,15223,Revenue,12220000,11242400,Nov,2024,122228,78395,60892,0.2085
TXN00485,2024-11-15,South,Bluetooth Speaker,West Region,Yolab,353184.0,196022,86286,5400,13095,Revenue,12260000,11279200,Nov,2024,157162,70876,52381,0.1483
TXN00038,2024-08-15,West,External SSD 2TB,West Region,Elmax,378675.0,214025,72411,5329,17382,Gross Profit,5255000,4834600,Aug,2024,164650,92239,69528,0.1836
TXN00492,2025-06-15,East,Mechanical Keyboard,East Region,Figen,197007.0,111068,67866,5624,2489,Net Profit,2120000,1950400,Jun,2025,85939,18073,9960,0.0506
TXN00198,2024-12-15,North,External SSD 2TB,West Region,Apro,202637.0,111887,70994,3153,3320,Operating Expenses,3280000,3444000,Dec,2024,90750,19756,13283,0.0656
TXN00073,2024-07-15,East,Laptop Stand,East Region,Apro,322512.0,177671,84366,3220,11451,Operating Expenses,3005000,3155250,Jul,2024,144841,60475,45804,0.142
TXN00107,2025-05-15,West,Wireless Mouse,West Region,Yozon,372985.0,218240,51436,6021,19457,Operating Expenses,3530000,3706500,May,2025,154745,103309,77831,0.2087
TXN00150,2024-12-15,West,External SSD 2TB,South Region,Azon,264030.0,150292,81334,6736,5133,Operating Expenses,3275000,3438750,Dec,2024,113738,32404,20535,0.0778
TXN00233,2024-11-15,North,External SSD 1TB,North Region,Vigen,240365.0,136320,59626,4041,8075,Net Profit,1730000,1591600,Nov,2024,104045,44419,32303,0.1344
TXN00394,2025-04-15,East,Bluetooth Speaker,South Region,Wamax,444887.0,257844,56093,6121,24965,Gross Profit,5710000,5253200,Apr,2025,187043,130950,99864,0.2245
TXN00452,2025-02-15,East,Laptop Stand,South Region,Misys,354934.0,206046,67499,2573,15763,Net Profit,1910000,1757200,Feb,2025,148888,81389,63053,0.1776
TXN00084,2025-06-15,East,Webcam HD,South Region,Bepro,272866.0,151729,36425,5569,15828,Gross Profit,5780000,5317600,Jun,2025,121137,84712,63315,0.232
TXN00028,2024-10-15,West,4K Monitor 32,East Region,Orlab,273388.0,159686,33413,3010,15455,Revenue,12160000,11187200,Oct,2024,113702,80289,61824,0.2261
TXN00136,2024-10-15,North,Wireless Mouse,North Region,Papro,184065.0,106836,64900,2222,2021,Gross Profit,5370000,4940400,Oct,2024,77229,12329,8086,0.0439
TXN00011,2025-05-15,North,Mechanical Keyboard,South Region,Xezon,424470.0,246903,42062,5907,25919,Operating Expenses,3520000,3696000,May,2025,177567,135505,103679,0.2443
TXN00032,2025-02-15,South,Laptop Pro 14,West Region,Ivtek,252523.0,141860,60481,3658,9304,Revenue,12370000,11380400,Feb,2025,110663,50182,37220,0.1474
TXN00428,2025-02-15,North,Laptop Pro 16,South Region,Mimax,372417.0,206814,78960,2572,16814,Gross Profit,5610000,5161200,Feb,2025,165603,86643,67257,0.1806
TXN00061,2024-07-15,North,Office Monitor 24,South Region,Alab,336718.0,196318,45102,5897,17880,Gross Profit,5205000,4788600,Jul,2024,140400,95298,71521,0.2124
TXN00142,2025-04-15,North,Laser Printer,West Region,Tilab,416345.0,245958,58502,5770,21223,Revenue,12485000,11486200,Apr,2025,170387,111885,84892,0.2039
TXN00231,2024-09-15,West,Noise Cancelling Headset,West Region,Lusys,432645.0,243696,85613,4260,19815,Net Profit,1625000,1495000,Sep,2024,188949,103336,79261,0.1832
TXN00341,2024-11-15,East,External SSD 1TB,South Region,Xetek,364909.0,215038,60997,5705,16633,Revenue,12245000,11265400,Nov,2024,149871,88874,66536,0.1823
TXN00241,2024-07-15,South,Bluetooth Speaker,North Region,Betek,225461.0,128417,30313,4417,12462,Revenue,12025000,11063000,Jul,2024,97044,66731,49852,0.2211
TXN00356,2025-02-15,West,USB-C Dock,North Region,Lusys,265157.0,153691,53857,5319,10458,Net Profit,1900000,1748000,Feb,2025,111466,57609,41832,0.1578
TXN00015,2024-09-15,West,4K Monitor 32,East Region,Jomax,188387.0,107192,89679,6972,-3091,Gross Profit,5305000,4880600,Sep,2024,81195,-8484,-12365,-0.0656
TXN00459,2024-09-15,West,Mechanical Keyboard,West Region,Nohub,334505.0,199949,67334,3699,12704,Operating Expenses,3150000,3307500,Sep,2024,134556,67222,50819,0.1519
TXN00135,2024-09-15,North,Bluetooth Speaker,South Region,Kasys,367676.0,219717,43930,5867,19632,Net Profit,1615000,1485800,Sep,2024,147959,104029,78530,0.2136
TXN00217,2024-07-15,North,Noise Cancelling Headset,West Region,Anest,314626.0,173323,85762,2278,10652,Operating Expenses,3020000,3171000,Jul,2024,141303,55541,42611,0.1354
TXN00006,2024-12-15,North,External SSD 1TB,North Region,Yohub,435929.0,260198,33113,6885,27146,Operating Expenses,3260000,3423000,Dec,2024,175731,142618,108587,0.2491
TXN00056,2025-02-15,South,Bluetooth Speaker,South Region,Ivzon,169592.0,94807,31388,6120,7455,Operating Expenses,3370000,3538500,Feb,2025,74785,43397,29822,0.1758
TXN00466,2025-04-15,South,Webcam HD,East Region,Wagen,224764.0,125675,45071,5189,9765,Net Profit,2015000,1853800,Apr,2025,99089,54018,39064,0.1738
TXN00168,2025-06-15,East,External SSD 2TB,North Region,Calab,432216.0,253503,69626,5872,20643,Revenue,12590000,11582800,Jun,2025,178713,109087,82572,0.191
TXN00482,2024-08-15,North,Laptop Pro 16,North Region,Ivhub,261792.0,147776,32242,4787,15397,Operating Expenses,3100000,3255000,Aug,2024,114016,81774,61590,0.2353
TXN00397,2024-07-15,West,Wireless Mouse,West Region,Capro,371143.0,208351,38391,6923,23495,Gross Profit,5240000,4820800,Jul,2024,162792,124401,93983,0.2532
TXN00040,2024-10-15,East,Ergonomic Mouse,West Region,Orpro,307434.0,169311,84912,4568,9728,Gross Profit,5360000,4931200,Oct,2024,138123,53211,38915,0.1266
TXN00496,2024-10-15,North,Noise Cancelling Headset,South Region,Tisys,214507.0,119170,38920,5548,10173,Net Profit,1705000,1568600,Oct,2024,95337,56417,40696,0.1897
TXN00210,2024-12-15,East,Desktop Workstation,East Region,Ahub,344892.0,199760,51069,3760,18060,Net Profit,1780000,1637600,Dec,2024,145132,94063,72243,0.2095
TXN00269,2024-11-15,East,Noise Cancelling Headset,East Region,Wazon,273063.0,162791,83926,5177,4233,Operating Expenses,3235000,3396750,Nov,2024,110272,26346,16936,0.062
TXN00087,2024-09-15,East,External SSD 1TB,West Region,Jogen,263971.0,147251,76364,5157,7039,Net Profit,1610000,1481200,Sep,2024,116720,40356,28160,0.1067
TXN00204,2025-06-15,East,Mechanical Keyboard,East Region,Cagen,324458.0,181122,48493,2492,18470,Net Profit,2090000,1922800,Jun,2025,143336,94843,73881,0.2277
TXN00350,2024-08-15,East,Noise Cancelling Headset,East Region,Hasys,329059.0,188567,70414,3350,13345,Net Profit,1585000,1458200,Aug,2024,140492,70078,53383,0.1622
TXN00031,2025-01-15,East,Office Monitor 27,West Region,Cahub,228886.0,130273,80817,4367,2685,Operating Expenses,3315000,3480750,Jan,2025,98613,17796,10744,0.0469
TXN00232,2024-10-15,North,Webcam HD,North Region,Qipro,198119.0,118852,62254,4651,2472,Gross Profit,5380000,4949600,Oct,2024,79267,17013,9890,0.0499
TXN00169,2024-07-15,West,Bluetooth Speaker,West Region,Asoft,374536.0,209780,77279,5757,16344,Operating Expenses,3015000,3165750,Jul,2024,164756,87477,65376,0.1746
TXN00209,2024-11-15,North,Business Laptop 15,South Region,Vipro,173726.0,97435,57216,2235,3368,Gross Profit,5430000,4995600,Nov,2024,76291,19075,13472,0.0775
TXN00317,2024-11-15,South,Mechanical Keyboard,East Region,Wahub,245809.0,135609,54147,6199,9970,Operating Expenses,3240000,3402000,Nov,2024,110200,56053,39884,0.1623
TXN00007,2025-01-15,East,Bluetooth Speaker,North Region,Calab,357363.0,207084,49321,3900,19411,Revenue,12315000,11329800,Jan,2025,150279,100958,77647,0.2173
TXN00129,2025-03-15,North,USB-C Dock,North Region,Orzon,391918.0,226138,46096,4469,23043,Operating Expenses,3430000,3601500,Mar,2025,165780,119684,92172,0.2352
TXN00024,2025-06-15,West,Desktop Workstation,West Region,Betek,321518.0,182769,77858,5681,11042,Revenue,12575000,11569000,Jun,2025,138749,60891,44168,0.1374
TXN00305,2024-11-15,West,4K Monitor 32,East Region,Wapro,295488.0,165455,34357,2395,18656,Gross Profit,5440000,5004800,Nov,2024,130033,95676,74625,0.2525
TXN00271,2025-01-15,South,Webcam HD,West Region,Fizon,368529.0,215806,69467,6119,15427,Operating Expenses,3340000,3507000,Jan,2025,152723,83256,61710,0.1674
TXN00181,2024-07-15,South,Office Monitor 24,North Region,Aline,197567.0,114857,72185,6503,804,Net Profit,1515000,1393800,Jul,2024,82710,10525,3218,0.0163
TXN00403,2025-01-15,East,Noise Cancelling Headset,West Region,Gopro,409915.0,242518,55762,4682,21390,Gross Profit,5555000,5110600,Jan,2025,167397,111635,85563,0.2087
TXN00184,2024-10-15,South,Laptop Pro 14,East Region,Qimax,230231.0,137939,31274,4829,11237,Gross Profit,5375000,4945000,Oct,2024,92292,61018,44952,0.1952
TXN00297,2025-03-15,North,Business Laptop 15,West Region,Qitek,434087.0,251810,80584,4076,19523,Revenue,12450000,11454000,Mar,2025,182277,101693,78094,0.1799
TXN00472,2024-10-15,North,Laptop Pro 14,North Region,Timax,230992.0,133410,55231,3087,7852,Gross Profit,5405000,4972600,Oct,2024,97582,42351,31412,0.136
TXN00001,2024-07-15,North,Noise Cancelling Headset,North Region,Atek,299989.0,176342,82721,2452,7694,Revenue,12000000,11040000,Jul,2024,123647,40926,30780,0.1026
TXN00424,2024-10-15,South,Office Printer,East Region,Supro,165925.0,98264,88783,4139,-5052,Gross Profit,5400000,4968000,Oct,2024,67661,-21122,-20209,-0.1218
TXN00421,2024-07-15,North,External SSD 2TB,South Region,Cagen,210622.0,124213,50896,2708,6561,Net Profit,1540000,1416800,Jul,2024,86409,35513,26244,0.1246
TXN00281,2024-11-15,West,Business Laptop 15,South Region,Wasys,255360.0,153212,30360,6207,13116,Net Profit,1735000,1596200,Nov,2024,102148,71788,52465,0.2055
TXN00331,2025-01-15,South,Laser Printer,South Region,Figen,392809.0,227118,84706,6613,14874,Net Profit,1845000,1697400,Jan,2025,165691,80985,59498,0.1515
TXN00220,2024-10-15,South,4K Monitor 32,North Region,Qilab,223169.0,123385,74066,2295,4684,Revenue,12180000,11205600,Oct,2024,99784,25718,18739,0.084
TXN00093,2025-03-15,North,Wireless Keyboard,North Region,Nogen,210013.0,117854,86416,4944,159,Net Profit,1925000,1771000,Mar,2025,92159,5743,640,0.003
TXN00282,2024-12-15,North,Desktop Workstation,North Region,Aware,255356.0,146291,51169,4798,10619,Gross Profit,5490000,5050800,Dec,2024,109065,57896,42479,0.1664
TXN00377,2024-11-15,West,Laser Printer,South Region,Xesys,294035.0,169625,50630,4504,13855,Net Profit,1745000,1605400,Nov,2024,124410,73780,55421,0.1885
TXN00409,2024-07-15,North,Laptop Pro 16,West Region,Cahub,276311.0,163001,43809,5232,12853,Operating Expenses,3040000,3192000,Jul,2024,113310,69501,51416,0.1861
TXN00255,2024-09-15,East,External SSD 2TB,East Region,Lupro,150484.0,89613,45515,3719,2327,Gross Profit,5330000,4903600,Sep,2024,60871,15356,9310,0.0619
TXN00148,2024-10-15,North,Mechanical Keyboard,West Region,Pahub,409219.0,242196,34302,5655,25413,Operating Expenses,3170000,3328500,Oct,2024,167023,132721,101653,0.2484
TXN00266,2024-08-15,North,USB-C Dock,South Region,Golab,370120.0,219375,68314,3631,15760,Revenue,12080000,11113600,Aug,2024,150745,82431,63040,0.1703
TXN00076,2024-10-15,North,Office Monitor 24,North Region,Patek,368978.0,216804,40697,3742,21547,Revenue,12165000,11191800,Oct,2024,152174,111477,86188,0.2336
TXN00294,2024-12-15,North,Laptop Pro 14,North Region,Asoft,316016.0,179254,58226,6152,14476,Operating Expenses,3290000,3454500,Dec,2024,136762,78536,57908,0.1832
TXN00302,2024-08-15,South,Ergonomic Mouse,South Region,Gogen,368544.0,211378,65415,5154,17319,Net Profit,1580000,1453600,Aug,2024,157166,91751,69278,0.188
TXN00199,2025-01-15,North,Office Printer,South Region,Ellab,196204.0,112002,66669,5520,2402,Revenue,12335000,11348200,Jan,2025,84202,17533,9611,0.049
TXN00138,2024-12-15,North,Office Printer,North Region,Amax,341756.0,192481,87963,4460,11370,Gross Profit,5475000,5037000,Dec,2024,149275,61312,45482,0.1331
TXN00443,2025-05-15,East,Bluetooth Speaker,North Region,Asoft,389516.0,218741,51411,6552,22562,Operating Expenses,3565000,3743250,May,2025,170775,119364,90250,0.2317
TXN00458,2024-08-15,East,Office Monitor 24,East Region,Ivlab,196546.0,108558,31982,6705,9860,Revenue,12100000,11132000,Aug,2024,87988,56006,39441,0.2007
TXN00395,2025-05-15,East,External SSD 2TB,North Region,Alink,282234.0,155439,80242,3169,8676,Operating Expenses,3560000,3738000,May,2025,126795,46553,34708,0.123
TXN00292,2024-10-15,North,Wireless Keyboard,South Region,Razon,282436.0,156308,31470,2891,18353,Operating Expenses,3185000,3344250,Oct,2024,126128,94658,73414,0.2599
TXN00189,2025-03-15,North,Bluetooth Speaker,East Region,Orgen,347171.0,199918,46591,3659,19400,Net Profit,1935000,1780200,Mar,2025,147253,100662,77603,0.2235
TXN00471,2024-09-15,South,Office Printer,North Region,Nogen,368784.0,219605,32434,4179,22513,Net Profit,1650000,1518000,Sep,2024,149179,116745,90053,0.2442
TXN00064,2024-10-15,West,Office Monitor 24,West Region,Orgen,414369.0,235472,57502,2027,23873,Net Profit,1660000,1527200,Oct,2024,178897,121395,95495,0.2305
TXN00235,2025-01-15,North,Laser Printer,East Region,Elgen,320263.0,182489,56758,3923,15418,Net Profit,1835000,1688200,Jan,2025,137774,81016,61675,0.1926
TXN00197,2024-11-15,North,External SSD 1TB,West Region,Vilab,272873.0,162436,56428,6750,9451,Revenue,12230000,11251600,Nov,2024,110437,54009,37808,0.1386
TXN00070,2025-04-15,North,Wireless Mouse,West Region,Suhub,440356.0,253862,52626,3346,26104,Operating Expenses,3475000,3648750,Apr,2025,186494,133868,104418,0.2371
TXN00488,2025-02-15,South,Business Laptop 15,North Region,Mihub,322197.0,185045,58412,5742,14599,Operating Expenses,3415000,3585750,Feb,2025,137152,78740,58399,0.1813
TXN00304,2024-10-15,West,Webcam HD,North Region,Rasys,431127.0,241517,53635,2976,26599,Net Profit,1685000,1550200,Oct,2024,189610,135975,106400,0.2468
TXN00474,2024-12-15,East,Office Monitor 27,East Region,Camax,359367.0,209876,74549,2473,14493,Gross Profit,5510000,5069200,Dec,2024,149491,74942,57976,0.1613
TXN00298,2025-04-15,North,Office Monitor 24,South Region,Vimax,442364.0,250665,80438,5998,21052,Gross Profit,5700000,5244000,Apr,2025,191699,111261,84211,0.1904
TXN00329,2024-11-15,North,Office Printer,West Region,Wagen,169299.0,95277,55887,4088,2809,Net Profit,1740000,1600800,Nov,2024,74022,18135,11238,0.0664
TXN00094,2025-04-15,South,Wireless Mouse,West Region,Titek,378670.0,208571,69345,4308,19289,Revenue,12480000,11481600,Apr,2025,170099,100754,77157,0.2038
TXN00407,2025-05-15,North,External SSD 1TB,West Region,Anova,209988.0,116458,51125,3686,7743,Net Profit,2060000,1895200,May,2025,93530,42405,30976,0.1475
TXN00267,2024-09-15,South,Webcam HD,East Region,Luhub,314664.0,185702,67412,6371,11035,Operating Expenses,3130000,3286500,Sep,2024,128962,61550,44144,0.1403
TXN00109,2024-07-15,East,Laptop Stand,East Region,Acore,298337.0,168539,57698,2683,13883,Gross Profit,5210000,4793200,Jul,2024,129798,72100,55534,0.1861
TXN00442,2025-04-15,South,Office Monitor 24,East Region,Wapro,400322.0,225563,87792,2669,16859,Gross Profit,5715000,5257800,Apr,2025,174759,86967,67439,0.1685
TXN00351,2024-09-15,North,External SSD 1TB,West Region,Mipro,182023.0,107024,62948,5459,1318,Gross Profit,5340000,4912800,Sep,2024,74999,12051,5274,0.029
TXN00299,2025-05-15,South,4K Monitor 32,South Region,Azon,282418.0,155689,49316,3965,14689,Operating Expenses,3550000,3727500,May,2025,126729,77413,58759,0.2081
TXN00254,2024-08-15,West,Laptop Stand,North Region,Gosys,196939.0,114577,30863,4007,9498,Net Profit,1575000,1449000,Aug,2024,82362,51499,37994,0.1929
TXN00307,2025-01-15,West,Laptop Pro 14,South Region,Fipro,340469.0,201928,61872,3142,14705,Gross Profit,5545000,5101400,Jan,2025,138541,76669,58822,0.1728
TXN00203,2025-05-15,West,Desktop Workstation,North Region,Zazon,223744.0,125928,53655,3528,8126,Operating Expenses,3540000,3717000,May,2025,97816,44161,32507,0.1453
TXN00270,2024-12-15,South,Laptop Stand,South Region,Atron,344731.0,190804,81085,6536,13261,Revenue,12290000,11306800,Dec,2024,153927,72842,53045,0.1539
TXN00166,2025-04-15,North,Business Laptop 15,West Region,Tihub,316563.0,185428,78877,2837,9884,Operating Expenses,3485000,3659250,Apr,2025,131135,52258,39537,0.1249
TXN00328,2024-10-15,West,Laptop Pro 16,South Region,Rapro,286831.0,167625,69905,5946,8671,Gross Profit,5390000,4958800,Oct,2024,119206,49301,34684,0.1209
TXN00191,2025-05-15,North,USB-C Dock,North Region,Zamax,152116.0,91077,31913,3825,5060,Gross Profit,5740000,5280800,May,2025,61039,29126,20241,0.1331
TXN00158,2024-08-15,East,USB-C Dock,South Region,Fisys,271622.0,157867,42493,6065,13039,Net Profit,1565000,1439800,Aug,2024,113755,71262,52158,0.192
TXN00173,2024-11-15,East,Laptop Pro 14,North Region,Vizon,270846.0,155549,63299,6016,9196,Operating Expenses,3225000,3386250,Nov,2024,115297,51998,36786,0.1358
TXN00310,2025-04-15,South,Laptop Pro 14,South Region,Vizon,252955.0,141753,55338,3538,10465,Operating Expenses,3500000,3675000,Apr,2025,111202,55864,41861,0.1655
TXN00430,2025-04-15,North,External SSD 1TB,East Region,Walab,238259.0,136098,34634,2388,13027,Revenue,12515000,11513800,Apr,2025,102161,67527,52112,0.2187
TXN00366,2024-12-15,South,Bluetooth Speaker,North Region,Betek,443348.0,245827,47034,6533,28790,Revenue,12300000,11316000,Dec,2024,197521,150487,115164,0.2598
TXN00063,2024-09-15,West,Ergonomic Mouse,East Region,Jopro,181673.0,102383,34987,2762,8308,Gross Profit,5310000,4885200,Sep,2024,79290,44303,33233,0.1829
TXN00296,2025-02-15,West,Wireless Mouse,West Region,Kahub,167552.0,98952,42699,4902,4199,Operating Expenses,3395000,3564750,Feb,2025,68600,25901,16800,0.1003
TXN00055,2025-01-15,West,Noise Cancelling Headset,West Region,Detek,361038.0,210339,32948,5410,22468,Revenue,12320000,11334400,Jan,2025,150699,117751,89873,0.2489
TXN00275,2025-05-15,West,Ergonomic Mouse,East Region,Atek,245342.0,144128,88334,5589,1458,Revenue,12550000,11546000,May,2025,101214,12880,5833,0.0238
TXN00078,2024-12-15,South,Desktop Workstation,North Region,Zalab,165077.0,98347,89629,4182,-5416,Revenue,12270000,11288400,Dec,2024,66730,-22899,-21665,-0.1312
TXN00399,2024-09-15,North,Bluetooth Speaker,East Region,Nomax,408998.0,234674,76850,4788,18537,Gross Profit,5345000,4917400,Sep,2024,174324,97474,74149,0.1813
TXN00185,2024-11-15,East,Noise Cancelling Headset,North Region,Visys,385624.0,222819,71242,3129,17686,Net Profit,1725000,1587000,Nov,2024,162805,91563,70748,0.1835
TXN00131,2025-05-15,East,Office Printer,North Region,Yolab,298477.0,178934,86202,6024,5463,Revenue,12535000,11532200,May,2025,119543,33341,21854,0.0732
TXN00243,2024-09-15,West,Laser Printer,North Region,Lulab,364106.0,210569,35082,2364,23218,Revenue,12130000,11159600,Sep,2024,153537,118455,92873,0.2551
TXN00309,2025-03-15,North,Office Monitor 27,West Region,Qimax,285588.0,165987,53254,5850,12099,Gross Profit,5650000,5198000,Mar,2025,119601,66347,48398,0.1695
TXN00246,2024-12-15,North,Office Monitor 24,South Region,Alink,420162.0,244000,69247,4729,20437,Operating Expenses,3285000,3449250,Dec,2024,176162,106915,81749,0.1946
TXN00018,2024-12-15,South,Office Printer,West Region,Yogen,351856.0,193625,52848,6304,19815,Net Profit,1760000,1619200,Dec,2024,158231,105383,79264,0.2253
TXN00408,2025-06-15,West,External SSD 1TB,East Region,Fitek,164737.0,91089,67897,3426,465,Revenue,12615000,11605800,Jun,2025,73648,5751,1860,0.0113
TXN00194,2024-08-15,South,4K Monitor 32,West Region,Fihub,314727.0,173930,89659,3575,9512,Operating Expenses,3070000,3223500,Aug,2024,140797,51138,38051,0.1209
TXN00223,2025-01-15,North,Webcam HD,West Region,Elhub,365588.0,212463,35684,4991,22490,Operating Expenses,3335000,3501750,Jan,2025,153125,117441,89960,0.2461
TXN00045,2025-03-15,South,Laser Printer,West Region,Nosys,368787.0,220492,53498,2501,18459,Net Profit,1920000,1766400,Mar,2025,148295,94797,73837,0.2002
TXN00477,2025-03-15,West,Ergonomic Mouse,East Region,Ragen,285730.0,168406,51096,6119,12021,Net Profit,1965000,1807800,Mar,2025,117324,66228,48088,0.1683
TXN00285,2025-03-15,West,Noise Cancelling Headset,East Region,Pagen,335450.0,200751,39572,2066,18612,Net Profit,1945000,1789400,Mar,2025,134699,95127,74449,0.2219
TXN00146,2024-08-15,West,Laser Printer,North Region,Fizon,421378.0,249866,56707,6529,21655,Operating Expenses,3065000,3218250,Aug,2024,171512,114805,86621,0.2056
TXN00330,2024-12-15,West,Wireless Keyboard,East Region,Acart,272586.0,160266,39085,5861,13474,Gross Profit,5495000,5055400,Dec,2024,112320,73235,53900,0.1977
TXN00115,2025-01-15,North,Business Laptop 15,South Region,Depro,248777.0,143094,45232,4311,11228,Gross Profit,5525000,5083000,Jan,2025,105683,60451,44912,0.1805
TXN00419,2025-05-15,West,External SSD 2TB,West Region,Atron,236851.0,133132,83628,2517,3514,Revenue,12565000,11559800,May,2025,103719,20091,14060,0.0594
TXN00473,2024-11-15,West,Laptop Stand,West Region,Yosys,420455.0,249203,74093,6572,18117,Net Profit,1755000,1614600,Nov,2024,171252,97159,72470,0.1724
TXN00456,2025-06-15,North,Laptop Pro 16,North Region,Filab,312208.0,174894,52740,3205,16273,Revenue,12620000,11610400,Jun,2025,137314,84574,65096,0.2085
TXN00219,2024-09-15,South,4K Monitor 32,West Region,Luzon,329463.0,194104,59974,5949,13887,Operating Expenses,3125000,3281250,Sep,2024,135359,75385,55549,0.1686
TXN00295,2025-01-15,North,Office Monitor 27,South Region,Filab,159220.0,93632,62350,3861,-124,Revenue,12345000,11357400,Jan,2025,65588,3238,-499,-0.0031
TXN00059,2025-05-15,South,Laptop Pro 16,West Region,Xehub,299073.0,166979,81115,4371,9321,Operating Expenses,3525000,3701250,May,2025,132094,50979,37287,0.1247
TXN00240,2025-06-15,West,External SSD 2TB,North Region,Dezon,319354.0,177269,54436,4135,16702,Operating Expenses,3595000,3774750,Jun,2025,142085,87649,66812,0.2092
TXN00187,2025-01-15,East,Laptop Pro 16,East Region,Elsys,345937.0,203654,56798,4473,16202,Net Profit,1830000,1683600,Jan,2025,142283,85485,64810,0.1873
TXN00383,2025-05-15,South,Noise Cancelling Headset,South Region,Acore,157681.0,91997,40226,2328,4626,Gross Profit,5760000,5299200,May,2025,65684,25458,18504,0.1174
TXN00132,2025-06-15,West,4K Monitor 32,North Region,Camax,159708.0,92702,46030,6510,2893,Gross Profit,5785000,5322200,Jun,2025,67006,20976,11573,0.0725
TXN00123,2024-09-15,West,Bluetooth Speaker,East Region,Kazon,341607.0,194527,49131,3074,18975,Operating Expenses,3115000,3270750,Sep,2024,147080,97949,75900,0.2222
TXN00306,2024-12-15,East,Laptop Pro 14,South Region,Aline,344977.0,197637,44559,2835,19989,Net Profit,1790000,1646800,Dec,2024,147340,102781,79957,0.2318
TXN00334,2025-04-15,South,Office Monitor 24,East Region,Vilab,253328.0,148829,87998,6152,2069,Revenue,12505000,11504600,Apr,2025,104499,16501,8280,0.0327
TXN00321,2025-03-15,East,External SSD 1TB,East Region,Qizon,384182.0,223222,81740,3265,15191,Operating Expenses,3450000,3622500,Mar,2025,160960,79220,60764,0.1582
TXN00179,2025-05-15,West,4K Monitor 32,South Region,Zatek,298254.0,168232,39912,3984,17225,Revenue,12540000,11536800,May,2025,130022,90110,68901,0.231
TXN00444,2025-06-15,West,External SSD 1TB,South Region,Fisys,181969.0,103378,35553,4091,7789,Net Profit,2115000,1945800,Jun,2025,78591,43038,31158,0.1712
TXN00413,2024-11-15,East,Office Monitor 24,South Region,Xehub,156223.0,89284,59351,5419,433,Operating Expenses,3250000,3412500,Nov,2024,66939,7588,1736,0.0111
TXN00005,2024-11-15,North,Office Monitor 27,West Region,Tilab,169380.0,98230,56155,5959,1807,Revenue,12210000,11233200,Nov,2024,71150,14995,7229,0.0427
TXN00340,2024-10-15,North,Office Monitor 27,East Region,Rahub,303442.0,176861,35458,2216,17781,Operating Expenses,3190000,3349500,Oct,2024,126581,91123,71126,0.2344
TXN00367,2025-01-15,West,Laptop Stand,North Region,Gozon,384247.0,212558,78583,3165,17988,Operating Expenses,3350000,3517500,Jan,2025,171689,93106,71953,0.1873
TXN00114,2024-12-15,South,Mechanical Keyboard,West Region,Zagen,325344.0,183813,30808,2811,21582,Net Profit,1770000,1628400,Dec,2024,141531,110723,86330,0.2653
TXN00096,2025-06-15,West,Webcam HD,West Region,Behub,400084.0,228156,81778,4828,17064,Operating Expenses,3580000,3759000,Jun,2025,171928,90150,68258,0.1706
TXN00153,2025-03-15,North,External SSD 2TB,North Region,Orlab,231984.0,132795,73372,5332,4097,Revenue,12435000,11440200,Mar,2025,99189,25817,16388,0.0706
TXN00156,2025-06-15,East,Webcam HD,West Region,Casys,432094.0,240888,76049,4598,22111,Net Profit,2085000,1918200,Jun,2025,191206,115157,88448,0.2047
TXN00106,2025-04-15,West,Business Laptop 15,South Region,Timax,150053.0,89989,85173,4217,-5865,Gross Profit,5680000,5225600,Apr,2025,60064,-25109,-23461,-0.1564
TXN00222,2024-12-15,West,Laptop Stand,West Region,Agen,347330.0,202662,57003,2634,17006,Revenue,12285000,11302200,Dec,2024,144668,87665,68025,0.1959
TXN00486,2024-12-15,East,Wireless Mouse,East Region,Cazon,421110.0,249727,87351,3018,16202,Operating Expenses,3310000,3475500,Dec,2024,171383,84032,64812,0.1539
TXN00016,2024-10-15,East,Office Monitor 27,South Region,Orsys,238261.0,141085,72307,6416,3690,Net Profit,1655000,1522600,Oct,2024,97176,24869,14763,0.062
TXN00354,2024-12-15,West,USB-C Dock,South Region,Aflow,281521.0,167315,34266,2373,15513,Net Profit,1795000,1651400,Dec,2024,114206,79940,62054,0.2204
TXN00019,2025-01-15,South,Office Monitor 27,West Region,Capro,419906.0,243169,44950,2093,25938,Gross Profit,5515000,5073800,Jan,2025,176737,131787,103756,0.2471
TXN00376,2024-10-15,South,Mechanical Keyboard,East Region,Sumax,228750.0,130342,85132,5440,1567,Gross Profit,5395000,4963400,Oct,2024,98408,13276,6269,0.0274
TXN00228,2025-06-15,West,Noise Cancelling Headset,South Region,Demax,413585.0,243112,78589,4937,17389,Gross Profit,5795000,5331400,Jun,2025,170473,91884,69558,0.1682
TXN00021,2025-03-15,East,Bluetooth Speaker,North Region,Nomax,171493.0,99265,46157,2252,4763,Gross Profit,5620000,5170400,Mar,2025,72228,26071,19056,0.1111
TXN00262,2025-04-15,South,Webcam HD,North Region,Ulhub,245137.0,143731,31243,2760,13480,Operating Expenses,3495000,3669750,Apr,2025,101406,70163,53923,0.22
TXN00313,2024-07-15,North,Wireless Mouse,South Region,Behub,303886.0,177681,31976,6915,17462,Operating Expenses,3030000,3181500,Jul,2024,126205,94229,69852,0.2299
TXN00300,2025-06-15,North,Noise Cancelling Headset,North Region,Degen,159278.0,88777,31438,4827,6847,Net Profit,2100000,1932000,Jun,2025,70501,39063,27389,0.172
TXN00447,2024-09-15,North,Office Monitor 27,South Region,Nopro,392380.0,223610,80095,2408,17253,Gross Profit,5350000,4922000,Sep,2024,168770,88675,69014,0.1759
TXN00425,2024-11-15,South,Ergonomic Mouse,West Region,Xegen,269079.0,153681,64442,3554,9480,Net Profit,1750000,1610000,Nov,2024,115398,50956,37922,0.1409
TXN00213,2025-03-15,East,External SSD 1TB,West Region,Pamax,249980.0,142023,78220,6720,4603,Gross Profit,5640000,5188800,Mar,2025,107957,29737,18414,0.0737
TXN00276,2025-06-15,South,Bluetooth Speaker,East Region,Depro,318059.0,177041,51860,4421,16947,Gross Profit,5800000,5336000,Jun,2025,141018,89158,67790,0.2131
TXN00333,2025-03-15,South,Noise Cancelling Headset,West Region,Qisys,305144.0,181490,56954,2988,12742,Net Profit,1950000,1794000,Mar,2025,123654,66700,50970,0.167
TXN00141,2025-03-15,North,Desktop Workstation,West Region,Orsys,201965.0,117629,87843,2997,-1300,Net Profit,1930000,1775600,Mar,2025,84336,-3507,-5204,-0.0258
TXN00051,2024-09-15,West,External SSD 1TB,North Region,Jolab,186252.0,105696,68015,5026,1503,Revenue,12110000,11141200,Sep,2024,80556,12541,6012,0.0323
TXN00226,2025-04-15,East,External SSD 1TB,West Region,Ulsys,329521.0,193793,30982,2888,20371,Net Profit,1990000,1830800,Apr,2025,135728,104746,81487,0.2473
TXN00144,2025-06-15,East,Mechanical Keyboard,South Region,Cazon,307771.0,181912,30525,4537,18159,Operating Expenses,3585000,3764250,Jun,2025,125859,95334,72638,0.236
TXN00079,2025-01-15,North,Desktop Workstation,West Region,Dezon,423949.0,233673,82234,2990,21010,Operating Expenses,3320000,3486000,Jan,2025,190276,108042,84042,0.1982
TXN00236,2025-02-15,North,4K Monitor 32,North Region,Kamax,371656.0,206959,76385,4129,16836,Gross Profit,5590000,5142800,Feb,2025,164697,88312,67347,0.1812
TXN00476,2025-02-15,East,Wireless Keyboard,South Region,Mipro,423591.0,239512,48197,5430,26090,Gross Profit,5615000,5165800,Feb,2025,184079,135882,104362,0.2464
TXN00221,2024-11-15,North,Laptop Pro 14,North Region,Vihub,218878.0,129825,45724,6534,7359,Operating Expenses,3230000,3391500,Nov,2024,89053,43329,29436,0.1345
TXN00422,2024-08-15,South,Business Laptop 15,South Region,Ivmax,280137.0,163775,47075,4457,12966,Gross Profit,5295000,4871400,Aug,2024,116362,69287,51864,0.1851
TXN00491,2025-05-15,South,Noise Cancelling Headset,South Region,Anest,340739.0,188259,57011,6412,17811,Operating Expenses,3570000,3748500,May,2025,152480,95469,71246,0.2091
TXN00434,2024-08-15,West,Ergonomic Mouse,East Region,Ivzon,172724.0,101135,66181,2571,567,Operating Expenses,3095000,3249750,Aug,2024,71589,5408,2270,0.0131
TXN00046,2025-04-15,South,Webcam HD,East Region,Sulab,192414.0,109690,83800,6519,-1519,Revenue,12475000,11477000,Apr,2025,82724,-1076,-6076,-0.0316
TXN00335,2025-05-15,West,External SSD 2TB,South Region,Alab,383934.0,215431,58965,2901,21327,Gross Profit,5755000,5294600,May,2025,168503,109538,85310,0.2222
TXN00177,2025-03-15,South,Office Monitor 27,North Region,Orhub,420728.0,250735,41925,4015,24810,Operating Expenses,3435000,3606750,Mar,2025,169993,128068,99243,0.2359
TXN00369,2025-03-15,North,Laptop Pro 14,North Region,Qihub,364593.0,203920,69106,3710,17571,Operating Expenses,3455000,3627750,Mar,2025,160673,91567,70286,0.1928
TXN00339,2024-09-15,East,USB-C Dock,West Region,Milab,289931.0,168065,68152,3113,10120,Revenue,12140000,11168800,Sep,2024,121866,53714,40481,0.1396
TXN00124,2024-10-15,East,Office Monitor 27,North Region,Palab,308780.0,181697,58383,6201,12499,Revenue,12170000,11196400,Oct,2024,127083,68700,50000,0.1619
TXN00117,2025-03-15,North,USB-C Dock,North Region,Ormax,315606.0,187264,70764,5985,10318,Gross Profit,5630000,5179600,Mar,2025,128342,57578,41275,0.1308
TXN00202,2025-04-15,East,External SSD 2TB,North Region,Ulmax,239444.0,139055,65057,2584,6549,Gross Profit,5690000,5234800,Apr,2025,100389,35332,26199,0.1094
TXN00230,2024-08-15,South,Office Printer,North Region,Gomax,150682.0,84642,32101,3225,6142,Gross Profit,5275000,4853000,Aug,2024,66040,33939,24572,0.1631
TXN00234,2024-12-15,South,External SSD 2TB,South Region,Acore,400188.0,227080,51292,6571,23049,Gross Profit,5485000,5046200,Dec,2024,173108,121816,92196,0.2304
TXN00352,2024-10-15,North,4K Monitor 32,South Region,Ragen,273737.0,161756,69820,6337,7164,Net Profit,1690000,1554800,Oct,2024,111981,42161,28660,0.1047
TXN00192,2025-06-15,East,Desktop Workstation,South Region,Cahub,432170.0,239643,79845,4902,21556,Operating Expenses,3590000,3769500,Jun,2025,192527,112682,86224,0.1995
TXN00323,2025-05-15,East,Laser Printer,North Region,Asys,183553.0,102818,87910,4408,-2316,Revenue,12555000,11550600,May,2025,80735,-7175,-9267,-0.0505
TXN00401,2024-11-15,West,Mechanical Keyboard,North Region,Xepro,229498.0,134482,40820,2618,10315,Gross Profit,5450000,5014000,Nov,2024,95016,54196,41263,0.1798
TXN00433,2024-07-15,South,External SSD 2TB,West Region,Detek,326898.0,188075,57499,5556,15153,Revenue,12045000,11081400,Jul,2024,138823,81324,60615,0.1854
TXN00054,2024-12-15,South,Office Printer,North Region,Zazon,352420.0,196068,63295,3005,18010,Operating Expenses,3265000,3428250,Dec,2024,156352,93057,72042,0.2044
TXN00287,2025-05-15,South,4K Monitor 32,North Region,Amax,265666.0,158793,81864,4436,4114,Gross Profit,5750000,5290000,May,2025,106873,25009,16459,0.062
TXN00358,2025-04-15,South,Office Printer,North Region,Vihub,401664.0,234686,32674,4707,25919,Operating Expenses,3505000,3680250,Apr,2025,166978,134304,103678,0.2581
TXN00345,2025-03-15,West,Wireless Mouse,West Region,Qilab,303821.0,174852,36833,4777,17471,Revenue,12455000,11458600,Mar,2025,128969,92136,69888,0.23
TXN00245,2024-11-15,East,Office Printer,West Region,Watek,155011.0,89407,86841,3023,-4852,Revenue,12235000,11256200,Nov,2024,65604,-21237,-19408,-0.1252
TXN00252,2025-06-15,North,Mechanical Keyboard,East Region,Desys,332363.0,195296,41523,6847,17739,Net Profit,2095000,1927400,Jun,2025,137067,95544,70958,0.2135
TXN00280,2024-10-15,West,External SSD 2TB,South Region,Ramax,325888.0,193294,83562,2712,9264,Gross Profit,5385000,4954200,Oct,2024,132594,49032,37056,0.1137
TXN00139,2025-01-15,West,Office Monitor 24,North Region,Degen,306989.0,169154,77800,2055,11596,Net Profit,1825000,1679000,Jan,2025,137835,60035,46384,0.1511
TXN00288,2025-06-15,South,Desktop Workstation,East Region,Dehub,345408.0,205842,59287,6830,14689,Operating Expenses,3600000,3780000,Jun,2025,139566,80279,58760,0.1701
TXN00414,2024-12-15,East,Mechanical Keyboard,West Region,Belab,178705.0,102584,66595,4585,988,Revenue,12305000,11320600,Dec,2024,76121,9526,3953,0.0221
TXN00423,2024-09-15,North,Desktop Workstation,West Region,Nosys,344415.0,194499,74083,4838,14199,Net Profit,1645000,1513400,Sep,2024,149916,75833,56796,0.1649
TXN00182,2024-08-15,South,Webcam HD,West Region,Fipro,163931.0,94610,47369,3080,3774,Gross Profit,5270000,4848400,Aug,2024,69321,21952,15098,0.0921
TXN00464,2025-02-15,North,Office Monitor 27,West Region,Milab,162090.0,95089,49810,2428,2952,Revenue,12415000,11421800,Feb,2025,67001,17191,11811,0.0729
TXN00118,2025-04-15,West,Desktop Workstation,West Region,Tizon,320118.0,190264,58316,3155,13676,Operating Expenses,3480000,3654000,Apr,2025,129854,71538,54707,0.1709
TXN00068,2025-02-15,South,Laptop Pro 16,West Region,Ivsys,325464.0,182914,61798,5468,15056,Net Profit,1870000,1720400,Feb,2025,142550,80752,60228,0.1851
TXN00077,2024-11-15,West,USB-C Dock,West Region,Ulzon,349813.0,206719,73845,3161,13217,Operating Expenses,3215000,3375750,Nov,2024,143094,69249,52871,0.1511
TXN00002,2024-08-15,South,Office Monitor 27,West Region,Dehub,435762.0,253297,79064,3422,19995,Operating Expenses,3050000,3202500,Aug,2024,182465,103401,79984,0.1835
TXN00116,2025-02-15,West,Desktop Workstation,East Region,Ivgen,346903.0,190936,77834,2427,15141,Net Profit,1875000,1725000,Feb,2025,155967,78133,60565,0.1746
TXN00224,2025-02-15,South,External SSD 1TB,West Region,Katek,410557.0,244767,38090,5835,24373,Revenue,12390000,11398800,Feb,2025,165790,127700,97492,0.2375
TXN00167,2025-05-15,South,Ergonomic Mouse,West Region,Yogen,432082.0,244779,35763,6523,29003,Net Profit,2035000,1872200,May,2025,187303,151540,116014,0.2685
TXN00110,2024-08-15,East,Mechanical Keyboard,South Region,Elgen,301410.0,180174,89020,5346,5374,Net Profit,1560000,1435200,Aug,2024,121236,32216,21496,0.0713
TXN00360,2025-06-15,West,Office Printer,North Region,Ellab,231695.0,133038,89459,3786,1082,Revenue,12610000,11601200,Jun,2025,98657,9198,4330,0.0187
TXN00392,2025-02-15,North,Business Laptop 15,North Region,Luhub,383281.0,212129,44542,3542,24613,Operating Expenses,3405000,3575250,Feb,2025,171152,126610,98455,0.2569
TXN00172,2024-10-15,South,Wireless Mouse,West Region,Qitek,308693.0,178291,51923,5936,14508,Revenue,12175000,11201000,Oct,2024,130402,78479,58035,0.188
TXN00111,2024-09-15,East,Ergonomic Mouse,East Region,Kamax,201624.0,116657,62649,3371,3789,Gross Profit,5315000,4889800,Sep,2024,84967,22318,15158,0.0752
TXN00418,2025-04-15,North,Office Monitor 27,North Region,Wasys,323571.0,188644,74067,2293,11713,Net Profit,2010000,1849200,Apr,2025,134927,60860,46854,0.1448
TXN00465,2025-03-15,West,Mechanical Keyboard,North Region,Rahub,364512.0,216045,62899,4775,16158,Operating Expenses,3465000,3638250,Mar,2025,148467,85568,64635,0.1773
TXN00484,2024-10-15,North,Mechanical Keyboard,South Region,Tizon,158096.0,88725,45469,4935,3793,Operating Expenses,3205000,3365250,Oct,2024,69371,23902,15174,0.096
TXN00026,2024-08-15,West,Business Laptop 15,South Region,Eltek,307259.0,175696,68377,5727,11491,Revenue,12055000,11090600,Aug,2024,131563,63186,45968,0.1496
TXN00312,2025-06-15,North,Laptop Pro 14,South Region,Eltek,154109.0,88434,83911,2681,-4183,Revenue,12605000,11596600,Jun,2025,65675,-18236,-16734,-0.1086
TXN00161,2024-11-15,West,Webcam HD,West Region,Vimax,256998.0,149677,45455,6646,11044,Gross Profit,5425000,4991000,Nov,2024,107321,61866,44176,0.1719
TXN00004,2024-10-15,North,Mechanical Keyboard,East Region,Orzon,447380.0,266750,65756,5639,21847,Operating Expenses,3155000,3312750,Oct,2024,180630,114874,87388,0.1953
TXN00332,2025-02-15,West,Webcam HD,North Region,Lumax,398064.0,235123,35035,4142,24752,Gross Profit,5600000,5152000,Feb,2025,162941,127906,99012,0.2487
TXN00483,2024-09-15,West,Laptop Pro 14,West Region,Ortek,405126.0,228719,58806,4398,22640,Revenue,12155000,11182600,Sep,2024,176407,117601,90563,0.2235
TXN00034,2025-04-15,South,Laptop Pro 16,North Region,Susys,342411.0,195741,42246,4426,19999,Net Profit,1970000,1812400,Apr,2025,146670,104424,79999,0.2336
TXN00290,2024-08-15,North,Desktop Workstation,South Region,Gohub,413165.0,232811,66051,3642,22132,Operating Expenses,3080000,3234000,Aug,2024,180354,114303,88529,0.2143
TXN00455,2025-05-15,West,Wireless Keyboard,West Region,Aline,314786.0,182218,30623,4800,19429,Net Profit,2065000,1899800,May,2025,132568,101945,77716,0.2469
TXN00441,2025-03-15,West,Laptop Pro 14,West Region,Ralab,400794.0,239232,31880,2354,25465,Revenue,12465000,11467800,Mar,2025,161562,129682,101863,0.2542
TXN00081,2025-03-15,West,Wireless Mouse,South Region,Nohub,169763.0,97439,66733,2834,551,Operating Expenses,3425000,3596250,Mar,2025,72324,5591,2206,0.013
TXN00353,2024-11-15,East,Desktop Workstation,North Region,Xemax,383787.0,222929,48694,6852,21062,Gross Profit,5445000,5009400,Nov,2024,160858,112164,84250,0.2195
TXN00099,2024-09-15,West,Desktop Workstation,North Region,Katek,331342.0,197896,33909,2204,19466,Revenue,12115000,11145800,Sep,2024,133446,99537,77867,0.235
TXN00104,2025-02-15,East,External SSD 2TB,North Region,Ivhub,190089.0,104677,42296,4249,7773,Operating Expenses,3375000,3543750,Feb,2025,85412,43116,31094,0.1636
TXN00363,2024-09-15,North,Office Printer,North Region,Mihub,367422.0,217142,59462,5353,17093,Operating Expenses,3140000,3297000,Sep,2024,150280,90818,68372,0.1861
TXN00379,2025-01-15,South,USB-C Dock,North Region,Gosys,390052.0,222629,60167,5212,20408,Net Profit,1850000,1702000,Jan,2025,167423,107256,81636,0.2093
TXN00361,2024-07-15,East,Ergonomic Mouse,East Region,Cazon,402102.0,231408,85852,5034,15961,Operating Expenses,3035000,3186750,Jul,2024,170694,84842,63847,0.1588
TXN00170,2024-08-15,North,Noise Cancelling Headset,South Region,Filab,366541.0,210727,55654,3049,19422,Revenue,12070000,11104400,Aug,2024,155814,100160,77689,0.212
TXN00493,2024-07-15,West,Laser Printer,South Region,Depro,445672.0,261775,55343,6887,24333,Gross Profit,5250000,4830000,Jul,2024,183897,128554,97334,0.2184
TXN00069,2025-03-15,South,Laser Printer,South Region,Nopro,381301.0,212880,72091,4714,18323,Gross Profit,5625000,5175000,Mar,2025,168421,96330,73293,0.1922
TXN00412,2024-10-15,North,Laptop Pro 16,West Region,Sulab,204601.0,113161,74966,2876,2719,Revenue,12200000,11224000,Oct,2024,91440,16474,10879,0.0532
TXN00274,2025-04-15,North,Laptop Stand,North Region,Ulgen,323388.0,183302,80953,6224,10581,Net Profit,1995000,1835400,Apr,2025,140086,59133,42328,0.1309
TXN00359,2025-05-15,East,Ergonomic Mouse,North Region,Ahub,408465.0,233164,58097,3132,22814,Net Profit,2055000,1890600,May,2025,175301,117204,91258,0.2234
TXN00451,2025-01-15,West,Laser Printer,West Region,Hamax,410937.0,226863,60111,5734,23645,Gross Profit,5560000,5115200,Jan,2025,184074,123963,94584,0.2302
TXN00462,2024-12-15,South,4K Monitor 32,South Region,Catek,215534.0,129303,70481,5483,2053,Revenue,12310000,11325200,Dec,2024,86231,15750,8214,0.0381
TXN00149,2024-11-15,East,Laser Printer,West Region,Vitek,160083.0,95803,79200,5998,-4183,Revenue,12225000,11247000,Nov,2024,64280,-14920,-16735,-0.1045
TXN00427,2025-01-15,East,Noise Cancelling Headset,South Region,Gogen,173958.0,97002,54259,2492,4041,Net Profit,1855000,1706600,Jan,2025,76956,22697,16164,0.0929
TXN00402,2024-12-15,West,Webcam HD,West Region,Besys,406226.0,242962,49558,4967,21747,Net Profit,1800000,1656000,Dec,2024,163264,113706,86992,0.2141
TXN00362,2024-08-15,East,Desktop Workstation,East Region,Halab,396255.0,226973,56725,3668,21777,Revenue,12090000,11122800,Aug,2024,169282,112557,87112,0.2198
TXN00389,2024-11-15,South,USB-C Dock,South Region,Xelab,261585.0,144726,52512,2835,12302,Revenue,12250000,11270000,Nov,2024,116859,64347,49210,0.1881
TXN00171,2024-09-15,North,External SSD 1TB,West Region,Kahub,415639.0,243622,55145,5259,22322,Operating Expenses,3120000,3276000,Sep,2024,172017,116872,89291,0.2148
TXN00400,2024-10-15,South,Mechanical Keyboard,North Region,Susys,412445.0,236495,73716,4451,19556,Net Profit,1695000,1559400,Oct,2024,175950,102234,78227,0.1897
TXN00454,2025-04-15,East,Laptop Stand,West Region,Wahub,233851.0,136781,44604,6636,9166,Operating Expenses,3515000,3690750,Apr,2025,97070,52466,36664,0.1568
TXN00463,2025-01-15,East,Wireless Mouse,North Region,Hazon,381075.0,225179,69760,5810,16065,Operating Expenses,3360000,3528000,Jan,2025,155896,86136,64261,0.1686
TXN00009,2025-03-15,North,USB-C Dock,West Region,Notek,258257.0,145051,36555,6283,14073,Revenue,12420000,11426400,Mar,2025,113206,76651,56295,0.218
TXN00152,2025-02-15,North,Laptop Pro 16,North Region,Jozon,402592.0,234279,42458,5567,24057,Operating Expenses,3380000,3549000,Feb,2025,168313,125855,96231,0.239
TXN00319,2025-01-15,North,Webcam HD,North Region,Fihub,339693.0,195630,62225,4049,15557,Operating Expenses,3345000,3512250,Jan,2025,144063,81838,62232,0.1832
TXN00017,2024-11-15,South,Laptop Pro 14,North Region,Tipro,404095.0,225464,71162,3746,20744,Gross Profit,5410000,4977200,Nov,2024,178631,107469,82979,0.2053
TXN00318,2024-12-15,East,Wireless Mouse,West Region,Aplus,422040.0,233784,45976,3045,27847,Revenue,12295000,11311400,Dec,2024,188256,142280,111388,0.2639
TXN00326,2024-08-15,East,Ergonomic Mouse,West Region,Hamax,203603.0,117835,79207,3749,562,Gross Profit,5285000,4862200,Aug,2024,85768,6561,2250,0.0111
TXN00140,2025-02-15,North,Wireless Mouse,East Region,Jomax,295940.0,171228,48514,2409,14757,Gross Profit,5580000,5133600,Feb,2025,124712,76198,59032,0.1995
TXN00090,2024-12-15,West,Desktop Workstation,North Region,Zapro,429399.0,236977,33229,4180,31002,Gross Profit,5470000,5032400,Dec,2024,192422,159193,124011,0.2888
TXN00163,2025-01-15,North,Wireless Mouse,East Region,Elmax,317099.0,180093,89303,6289,8282,Gross Profit,5530000,5087600,Jan,2025,137006,47703,33132,0.1045
TXN00130,2025-04-15,North,Webcam HD,South Region,Tisys,209285.0,118953,34407,6616,9861,Net Profit,1980000,1821600,Apr,2025,90332,55925,39448,0.1885
TXN00416,2025-02-15,North,Ergonomic Mouse,South Region,Mitek,230660.0,136604,65620,6552,4376,Revenue,12410000,11417200,Feb,2025,94056,28436,17508,0.0759
TXN00218,2024-08-15,West,Office Printer,East Region,Gotek,174711.0,98304,87247,4302,-3028,Revenue,12075000,11109000,Aug,2024,76407,-10840,-12114,-0.0693
TXN00085,2024-07-15,South,Laptop Pro 14,South Region,Ahub,243423.0,137844,80014,6829,3747,Net Profit,1505000,1384600,Jul,2024,105579,25565,14989,0.0616
TXN00390,2024-12-15,East,External SSD 2TB,West Region,Bezon,321591.0,183022,76438,3161,11794,Operating Expenses,3300000,3465000,Dec,2024,138569,62131,47176,0.1467
TXN00381,2025-03-15,North,Ergonomic Mouse,West Region,Qigen,260147.0,154775,88399,2761,2842,Net Profit,1955000,1798600,Mar,2025,105372,16973,11370,0.0437
TXN00154,2025-04-15,West,4K Monitor 32,East Region,Tipro,325602.0,186378,36542,5793,19377,Gross Profit,5685000,5230200,Apr,2025,139224,102682,77512,0.2381
TXN00041,2024-11-15,East,External SSD 2TB,South Region,Tigen,403781.0,223576,81342,2823,19208,Net Profit,1710000,1573200,Nov,2024,180205,98863,76832,0.1903
TXN00338,2024-08-15,North,Laptop Pro 16,East Region,Hazon,433139.0,251309,67674,2763,22278,Operating Expenses,3085000,3239250,Aug,2024,181830,114156,89115,0.2057
TXN00003,2024-09-15,North,Desktop Workstation,West Region,Jotek,240666.0,135201,42102,6383,11396,Revenue,12105000,11136600,Sep,2024,105465,63363,45584,0.1894
TXN00320,2025-02-15,East,Office Monitor 27,West Region,Lutek,188479.0,105765,87529,2511,-1465,Revenue,12400000,11408000,Feb,2025,82714,-4815,-5861,-0.0311
TXN00475,2025-01-15,East,Laser Printer,North Region,Hasys,187314.0,110796,44999,4809,5342,Net Profit,1860000,1711200,Jan,2025,76518,31519,21368,0.1141
TXN00102,2024-12-15,East,Desktop Workstation,North Region,Zahub,218392.0,124132,75562,2157,3308,Operating Expenses,3270000,3433500,Dec,2024,94260,18698,13233,0.0606
TXN00193,2024-07-15,South,Desktop Workstation,North Region,Aplus,161267.0,94597,53997,4789,1576,Revenue,12020000,11058400,Jul,2024,66670,12673,6308,0.0391
TXN00349,2024-07-15,West,Laptop Pro 16,North Region,Camax,291608.0,173753,44283,3447,14025,Gross Profit,5235000,4816200,Jul,2024,117855,73572,56100,0.1924
TXN00133,2024-07-15,South,Office Monitor 24,North Region,Anova,229360.0,132535,55001,2923,7780,Net Profit,1510000,1389200,Jul,2024,96825,41824,31121,0.1357
TXN00062,2024-08-15,North,External SSD 1TB,South Region,Elsys,172980.0,100194,33339,2476,7394,Net Profit,1555000,1430600,Aug,2024,72786,39447,29577,0.171
TXN00037,2024-07-15,North,USB-C Dock,South Region,Amart,185090.0,109239,46939,4232,4936,Net Profit,1500000,1380000,Jul,2024,75851,28912,19744,0.1067
TXN00119,2025-05-15,South,Laser Printer,North Region,Yosys,178290.0,106085,33106,6563,6507,Net Profit,2030000,1867600,May,2025,72205,39099,26029,0.146
TXN00121,2024-07-15,West,Wireless Mouse,South Region,Alink,296266.0,165072,43725,3877,16718,Operating Expenses,3010000,3160500,Jul,2024,131194,87469,66874,0.2257
TXN00301,2024-07-15,South,Laptop Pro 14,South Region,Bepro,382738.0,217964,62508,3457,19761,Gross Profit,5230000,4811600,Jul,2024,164774,102266,79048,0.2065
TXN00382,2025-04-15,West,Webcam HD,East Region,Watek,166162.0,95394,50168,2197,3680,Revenue,12510000,11509200,Apr,2025,70768,20600,14723,0.0886
TXN00237,2025-03-15,South,Office Printer,East Region,Pasys,171937.0,99750,82351,5522,-3137,Net Profit,1940000,1784800,Mar,2025,72187,-10164,-12549,-0.073
TXN00196,2024-10-15,North,Office Monitor 24,South Region,Qizon,324266.0,187312,34782,3483,19737,Operating Expenses,3175000,3333750,Oct,2024,136954,102172,78952,0.2435
TXN00355,2025-01-15,East,USB-C Dock,North Region,Gomax,399745.0,229743,53291,2035,22935,Gross Profit,5550000,5106000,Jan,2025,170002,116711,91741,0.2295
TXN00103,2025-01-15,North,Webcam HD,East Region,Delab,233998.0,129488,60160,2341,8401,Revenue,12325000,11339000,Jan,2025,104510,44350,33608,0.1436
TXN00284,2025-02-15,East,Laptop Stand,North Region,Kapro,172278.0,98413,74308,5614,-1211,Gross Profit,5595000,5147400,Feb,2025,73865,-443,-4846,-0.0281
TXN00143,2025-05-15,North,Laptop Stand,West Region,Yopro,322475.0,179463,31624,4836,21310,Gross Profit,5735000,5276200,May,2025,143012,111388,85242,0.2643
TXN00075,2024-09-15,North,Wireless Keyboard,North Region,Johub,151809.0,83997,43437,2379,4399,Operating Expenses,3110000,3265500,Sep,2024,67812,24375,17597,0.1159
TXN00411,2024-09-15,South,Webcam HD,North Region,Nozon,202044.0,116952,66999,4728,2673,Operating Expenses,3145000,3302250,Sep,2024,85092,18093,10692,0.0529
TXN00125,2024-11-15,East,Wireless Keyboard,South Region,Ulhub,211509.0,123861,63058,2560,4406,Operating Expenses,3220000,3381000,Nov,2024,87648,24590,17624,0.0833
TXN00186,2024-12-15,West,Office Monitor 24,East Region,Alab,343164.0,204393,54158,2218,16479,Gross Profit,5480000,5041600,Dec,2024,138771,84613,65916,0.1921
TXN00385,2024-07-15,West,Office Monitor 27,East Region,Calab,188485.0,107875,76703,6945,-607,Revenue,12040000,11076800,Jul,2024,80610,3907,-2431,-0.0129
TXN00495,2024-09-15,East,External SSD 2TB,North Region,Ormax,377872.0,221216,64600,5947,17221,Gross Profit,5355000,4926600,Sep,2024,156656,92056,68888,0.1823
TXN00122,2024-08-15,East,Laptop Pro 14,South Region,Fitek,399013.0,224494,71773,3028,19943,Revenue,12065000,11099800,Aug,2024,174519,102746,79775,0.1999
TXN00113,2024-11-15,North,External SSD 2TB,West Region,Ulpro,176049.0,100904,63990,2412,1748,Gross Profit,5420000,4986400,Nov,2024,75145,11155,6995,0.0397
TXN00027,2024-09-15,South,External SSD 2TB,East Region,Jozon,425519.0,235517,65055,4470,24095,Operating Expenses,3105000,3260250,Sep,2024,190002,124947,96382,0.2265
TXN00417,2025-03-15,South,Laptop Stand,West Region,Razon,246023.0,147469,83207,5746,1920,Operating Expenses,3460000,3633000,Mar,2025,98554,15347,7681,0.0312
TXN00420,2025-06-15,East,Mechanical Keyboard,East Region,Fimax,404433.0,238979,84010,4801,15328,Gross Profit,5815000,5349800,Jun,2025,165454,81444,61315,0.1516
TXN00265,2024-07-15,North,Office Monitor 24,South Region,Bezon,355068.0,212853,69193,4451,13714,Operating Expenses,3025000,3176250,Jul,2024,142215,73022,54857,0.1545
TXN00431,2025-05-15,North,Wireless Keyboard,West Region,Aware,372129.0,215177,44809,6253,21178,Gross Profit,5765000,5303800,May,2025,156952,112143,84712,0.2276
TXN00336,2025-06-15,North,Laptop Pro 14,North Region,Elzon,353318.0,196401,88030,6725,12432,Operating Expenses,3605000,3785250,Jun,2025,156917,68887,49730,0.1408
TXN00071,2025-05-15,East,Laptop Pro 14,West Region,Xegen,440810.0,251354,89972,4125,19071,Net Profit,2025000,1863000,May,2025,189456,99484,76288,0.1731
TXN00080,2025-02-15,North,Mechanical Keyboard,West Region,Ivlab,347558.0,192466,34955,6095,22808,Revenue,12375000,11385000,Feb,2025,155092,120137,91234,0.2625
TXN00446,2024-08-15,West,External SSD 2TB,East Region,Ivsys,244875.0,146356,54481,6423,7523,Net Profit,1595000,1467400,Aug,2024,98519,44038,30092,0.1229
TXN00088,2024-10-15,North,Bluetooth Speaker,North Region,Pamax,288211.0,171250,85218,4993,5350,Gross Profit,5365000,4935800,Oct,2024,116961,31743,21400,0.0743
TXN00083,2025-05-15,South,Webcam HD,West Region,Yotek,403726.0,223837,52206,6030,24330,Revenue,12530000,11527600,May,2025,179889,127683,97323,0.2411
TXN00291,2024-09-15,West,Mechanical Keyboard,North Region,Mitek,374085.0,210953,41274,5132,23345,Revenue,12135000,11164200,Sep,2024,163132,121858,93381,0.2496
TXN00229,2024-07-15,East,Ergonomic Mouse,North Region,Aflow,448484.0,265571,89245,4803,17773,Net Profit,1520000,1398400,Jul,2024,182913,93668,71092,0.1585
TXN00272,2025-02-15,West,Office Monitor 24,North Region,Kalab,164198.0,90659,54198,3270,3214,Revenue,12395000,11403400,Feb,2025,73539,19341,12857,0.0783
TXN00058,2025-04-15,North,Office Printer,West Region,Supro,351593.0,209041,40377,6045,19226,Gross Profit,5675000,5221000,Apr,2025,142552,102175,76904,0.2187
TXN00293,2024-11-15,North,Business Laptop 15,East Region,Walab,300731.0,180180,43561,6223,14153,Revenue,12240000,11260800,Nov,2024,120551,76990,56614,0.1883
TXN00429,2025-03-15,North,Office Monitor 27,South Region,Rasys,259217.0,144808,72976,4665,7353,Net Profit,1960000,1803200,Mar,2025,114409,41433,29415,0.1135
TXN00322,2025-04-15,West,External SSD 2TB,West Region,Visys,419745.0,232569,37620,4169,29077,Net Profit,2000000,1840000,Apr,2025,187176,149556,116310,0.2771
TXN00263,2025-05-15,North,Laptop Pro 16,North Region,Zagen,211667.0,118350,48794,5712,7762,Net Profit,2045000,1881400,May,2025,93317,44523,31049,0.1467
TXN00256,2024-10-15,West,External SSD 1TB,North Region,Qigen,287579.0,161683,43381,2841,15934,Net Profit,1680000,1545600,Oct,2024,125896,82515,63740,0.2216
TXN00108,2025-06-15,South,Mechanical Keyboard,West Region,Begen,380493.0,210730,70615,2022,19425,Net Profit,2080000,1913600,Jun,2025,169763,99148,77701,0.2042
TXN00010,2025-04-15,South,Ergonomic Mouse,South Region,Sumax,188930.0,104095,51039,4592,5840,Gross Profit,5670000,5216400,Apr,2025,84835,33796,23364,0.1237
TXN00374,2024-08-15,South,External SSD 1TB,South Region,Hapro,176788.0,98144,89278,2982,-2723,Gross Profit,5290000,4866800,Aug,2024,78644,-10634,-10893,-0.0616
TXN00022,2025-04-15,West,Ergonomic Mouse,West Region,Suzon,196545.0,112519,77265,5093,333,Operating Expenses,3470000,3643500,Apr,2025,84026,6761,1335,0.0068
TXN00438,2024-12-15,South,Laptop Pro 16,North Region,Behub,334244.0,188332,89056,4471,10477,Operating Expenses,3305000,3470250,Dec,2024,145912,56856,41908,0.1254
TXN00208,2024-10-15,North,Laptop Pro 14,South Region,Qisys,300330.0,172514,71802,2255,10751,Net Profit,1675000,1541000,Oct,2024,127816,56014,43008,0.1432
TXN00278,2024-08-15,East,Wireless Keyboard,South Region,Gopro,340743.0,189837,50142,4705,19211,Gross Profit,5280000,4857600,Aug,2024,150906,100764,76848,0.2255
TXN00388,2024-10-15,East,Bluetooth Speaker,South Region,Suzon,352353.0,203130,86167,2820,12047,Operating Expenses,3195000,3354750,Oct,2024,149223,63056,48189,0.1368
TXN00467,2025-05-15,East,Laptop Pro 16,East Region,Aplus,431097.0,245289,84012,5768,19205,Revenue,12570000,11564400,May,2025,185808,101796,76823,0.1782
TXN00365,2024-11-15,North,Wireless Keyboard,West Region,Xezon,294992.0,171913,65919,5246,10382,Operating Expenses,3245000,3407250,Nov,2024,123079,57160,41532,0.1408
TXN00098,2024-08-15,North,External SSD 1TB,North Region,Elhub,419388.0,240343,38227,3865,27390,Operating Expenses,3060000,3213000,Aug,2024,179045,140818,109563,0.2612
TXN00091,2025-01-15,East,Office Monitor 24,North Region,Desys,353222.0,199756,69054,2269,16428,Net Profit,1820000,1674400,Jan,2025,153466,84412,65715,0.186
TXN00342,2024-12-15,East,Laptop Stand,North Region,Anest,181208.0,102098,34781,4723,7921,Operating Expenses,3295000,3459750,Dec,2024,79110,44329,31685,0.1749
TXN00368,2025-02-15,West,USB-C Dock,East Region,Lulab,162756.0,96012,82530,2562,-3669,Revenue,12405000,11412600,Feb,2025,66744,-15786,-14679,-0.0902
TXN00066,2024-12-15,East,Wireless Keyboard,South Region,Zasys,379878.0,217436,35528,5139,24355,Net Profit,1765000,1623800,Dec,2024,162442,126914,97420,0.2565
TXN00277,2024-07-15,West,External SSD 2TB,North Region,Besys,158858.0,88989,59809,2770,1458,Net Profit,1525000,1403000,Jul,2024,69869,10060,5832,0.0367
TXN00410,2024-08-15,East,Mechanical Keyboard,South Region,Ivtek,323058.0,182469,43527,2001,19012,Revenue,12095000,11127400,Aug,2024,140589,97062,76049,0.2354
TXN00242,2024-08-15,West,Ergonomic Mouse,West Region,Gozon,245385.0,139557,55506,5341,8996,Operating Expenses,3075000,3228750,Aug,2024,105828,50322,35985,0.1466
TXN00195,2024-09-15,South,4K Monitor 32,North Region,Lutek,220399.0,125313,71225,4821,3808,Revenue,12125000,11155000,Sep,2024,95086,23861,15232,0.0691
TXN00137,2024-11-15,West,USB-C Dock,East Region,Ulgen,299553.0,166863,48596,3691,16080,Net Profit,1720000,1582400,Nov,2024,132690,84094,64323,0.2147
TXN00308,2025-02-15,South,USB-C Dock,East Region,Kagen,396011.0,231076,55244,3408,21256,Net Profit,1895000,1743400,Feb,2025,164935,109691,85027,0.2147
TXN00020,2025-02-15,West,Noise Cancelling Headset,North Region,Hagen,425581.0,239417,74264,6041,21171,Net Profit,1865000,1715800,Feb,2025,186164,111900,84688,0.199
TXN00481,2024-07-15,North,Noise Cancelling Headset,West Region,Delab,273371.0,151635,81037,2084,7723,Revenue,12050000,11086000,Jul,2024,121736,40699,30892,0.113
TXN00311,2025-05-15,North,External SSD 2TB,West Region,Amart,447111.0,262597,38303,3401,28562,Net Profit,2050000,1886000,May,2025,184514,146211,114248,0.2555
TXN00449,2024-11-15,East,Bluetooth Speaker,East Region,Yomax,282185.0,164548,44596,4233,13761,Gross Profit,5455000,5018600,Nov,2024,117637,73041,55047,0.1951
TXN00057,2025-03-15,East,Office Printer,South Region,Nolab,330324.0,182522,46692,4531,19315,Revenue,12425000,11431000,Mar,2025,147802,101110,77264,0.2339
TXN00227,2025-05-15,East,Wireless Mouse,West Region,Zalab,423398.0,251385,73506,5638,18573,Revenue,12545000,11541400,May,2025,172013,98507,74296,0.1755
TXN00264,2025-06-15,North,4K Monitor 32,West Region,Delab,193998.0,110378,30122,2402,10219,Revenue,12600000,11592000,Jun,2025,83620,53498,40877,0.2107
TXN00498,2024-12-15,South,Office Monitor 27,North Region,Casys,157824.0,93728,69315,5482,-2140,Net Profit,1810000,1665200,Dec,2024,64096,-5219,-8561,-0.0542
TXN00380,2025-02-15,East,Webcam HD,East Region,Lupro,408448.0,230796,82689,3694,18253,Gross Profit,5605000,5156600,Feb,2025,177652,94963,73016,0.1788
TXN00036,2025-06-15,South,Office Monitor 24,West Region,Bemax,389922.0,216555,80197,5188,17596,Gross Profit,5775000,5313000,Jun,2025,173367,93170,70386,0.1805
TXN00008,2025-02-15,West,Bluetooth Speaker,South Region,Hahub,180862.0,108231,76689,4592,-1730,Operating Expenses,3365000,3533250,Feb,2025,72631,-4058,-6920,-0.0383
TXN00060,2025-06-15,South,Laptop Pro 14,East Region,Besys,219765.0,128572,50691,5476,7005,Net Profit,2075000,1909000,Jun,2025,91193,40502,28021,0.1275
TXN00343,2025-01-15,South,USB-C Dock,West Region,Gotek,415793.0,247472,78526,4420,17075,Revenue,12350000,11362000,Jan,2025,168321,89795,68300,0.1643
TXN00086,2024-08-15,South,External SSD 1TB,East Region,Elpro,206962.0,122829,33668,2369,9619,Gross Profit,5260000,4839200,Aug,2024,84133,50465,38477,0.1859
TXN00393,2025-03-15,North,Webcam HD,East Region,Ratek,441957.0,263114,66112,6482,21249,Revenue,12460000,11463200,Mar,2025,178843,112731,85000,0.1923
TXN00478,2025-04-15,West,Laptop Pro 16,West Region,Xetek,204113.0,121846,54804,5946,4303,Revenue,12520000,11518400,Apr,2025,82267,27463,17214,0.0843
TXN00112,2024-10-15,South,Office Monitor 27,West Region,Pasys,410762.0,226560,58581,5191,24086,Net Profit,1665000,1531800,Oct,2024,184202,125621,96344,0.2345
TXN00435,2024-09-15,South,Business Laptop 15,East Region,Nolab,256689.0,148629,86092,4414,3510,Revenue,12150000,11178000,Sep,2024,108060,21968,14044,0.0547
TXN00391,2025-01-15,East,Wireless Mouse,South Region,Golab,348675.0,196331,55164,4550,18526,Revenue,12355000,11366600,Jan,2025,152344,97180,74104,0.2125
TXN00373,2024-07-15,East,USB-C Dock,South Region,Casys,246663.0,145489,83851,2175,3029,Net Profit,1535000,1412200,Jul,2024,101174,17323,12119,0.0491
TXN00405,2025-03-15,South,External SSD 2TB,East Region,Ramax,340062.0,195816,44314,6689,18648,Gross Profit,5660000,5207200,Mar,2025,144246,99932,74595,0.2194
TXN00072,2025-06-15,North,Mechanical Keyboard,West Region,Belab,189353.0,104336,62019,2741,4051,Revenue,12580000,11573600,Jun,2025,85017,22998,16206,0.0856
TXN00439,2025-01-15,East,Office Monitor 24,North Region,Hatek,388271.0,219227,45488,6020,23507,Revenue,12360000,11371200,Jan,2025,169044,123556,94029,0.2422
TXN00489,2025-03-15,East,Desktop Workstation,South Region,Sutek,381419.0,221648,31632,3374,24953,Revenue,12470000,11472400,Mar,2025,159771,128139,99812,0.2617
TXN00212,2025-02-15,East,Laptop Pro 14,West Region,Jogen,172249.0,97948,62610,2174,1903,Net Profit,1885000,1734200,Feb,2025,74301,11691,7614,0.0442
TXN00201,2025-03-15,West,External SSD 2TB,East Region,Patek,195038.0,108198,64233,6581,3205,Revenue,12440000,11444800,Mar,2025,86840,22607,12821,0.0657
TXN00147,2024-09-15,East,4K Monitor 32,West Region,Kalab,246644.0,146199,78727,5078,3328,Revenue,12120000,11150400,Sep,2024,100445,21718,13312,0.054
TXN00214,2025-04-15,East,Office Printer,West Region,Ulzon,210873.0,121894,61523,6265,4238,Operating Expenses,3490000,3664500,Apr,2025,88979,27456,16953,0.0804
TXN00120,2025-06-15,West,Wireless Mouse,South Region,Catek,216525.0,129276,49230,5867,6430,Revenue,12585000,11578200,Jun,2025,87249,38019,25722,0.1188
TXN00384,2025-06-15,South,Office Printer,South Region,Elhub,222455.0,128559,72282,5428,3237,Operating Expenses,3610000,3790500,Jun,2025,93896,21614,12949,0.0582
TXN00128,2025-02-15,West,Laptop Pro 16,West Region,Jotek,430416.0,242865,69676,6175,22340,Revenue,12380000,11389600,Feb,2025,187551,117875,89360,0.2076
TXN00268,2024-10-15,North,Laptop Stand,South Region,Ratek,441163.0,262926,44177,2950,26222,Revenue,12185000,11210200,Oct,2024,178237,134060,104888,0.2378
TXN00238,2025-04-15,North,Laptop Stand,North Region,Ullab,163423.0,93971,31604,5873,6395,Revenue,12495000,11495400,Apr,2025,69452,37848,25580,0.1565
TXN00042,2024-12-15,West,External SSD 2TB,East Region,Zamax,378931.0,209765,53857,5817,21898,Gross Profit,5465000,5027800,Dec,2024,169166,115309,87594,0.2312
TXN00200,2025-02-15,South,External SSD 1TB,East Region,Johub,310070.0,182933,82906,3199,8206,Operating Expenses,3385000,3554250,Feb,2025,127137,44231,32826,0.1059
TXN00315,2024-09-15,South,Office Monitor 27,South Region,Mizon,193005.0,110894,50233,3858,5604,Operating Expenses,3135000,3291750,Sep,2024,82111,31878,22416,0.1161
TXN00216,2025-06-15,South,External SSD 1TB,West Region,Detek,398636.0,235853,53197,3547,21207,Revenue,12595000,11587400,Jun,2025,162783,109586,84832,0.2128
TXN00089,2024-11-15,North,Desktop Workstation,East Region,Ulsys,310990.0,182036,52531,5716,14141,Net Profit,1715000,1577800,Nov,2024,128954,76423,56566,0.1819
TXN00095,2025-05-15,West,Business Laptop 15,North Region,Yomax,303513.0,174572,50207,6117,14523,Gross Profit,5730000,5271600,May,2025,128941,78734,58094,0.1914
TXN00490,2025-04-15,North,Office Monitor 24,South Region,Xemax,347749.0,193983,53306,2923,19507,Gross Profit,5720000,5262400,Apr,2025,153766,100460,78030,0.2244
TXN00404,2025-02-15,North,Laptop Stand,West Region,Lugen,230295.0,130410,64368,2198,6663,Net Profit,1905000,1752600,Feb,2025,99885,35517,26656,0.1157
TXN00065,2024-11-15,East,Ergonomic Mouse,East Region,Ulmax,189505.0,109814,66326,6260,1421,Gross Profit,5415000,4981800,Nov,2024,79691,13365,5684,0.03
TXN00247,2025-01-15,East,External SSD 2TB,West Region,Fitek,393923.0,230174,76041,5235,16494,Revenue,12340000,11352800,Jan,2025,163749,87708,65979,0.1675
TXN00448,2024-10-15,South,Mechanical Keyboard,West Region,Sugen,390491.0,216696,57699,6781,21863,Net Profit,1700000,1564000,Oct,2024,173795,116096,87452,0.224
TXN00289,2024-07-15,North,Wireless Mouse,South Region,Belab,390010.0,223794,39814,5010,24278,Revenue,12030000,11067600,Jul,2024,166216,126402,97114,0.249
TXN00279,2024-09-15,North,Laptop Pro 16,West Region,Lugen,365200.0,215204,59624,5648,16944,Net Profit,1630000,1499600,Sep,2024,149996,90372,67780,0.1856
TXN00337,2024-07-15,North,Office Printer,East Region,Catek,271279.0,157116,32327,6686,15030,Revenue,12035000,11072200,Jul,2024,114163,81836,60120,0.2216
TXN00398,2024-08-15,South,4K Monitor 32,West Region,Hagen,200245.0,110217,82382,4550,619,Net Profit,1590000,1462800,Aug,2024,90028,7646,2477,0.0124
TXN00052,2024-10-15,West,Office Monitor 27,North Region,Orhub,166345.0,98460,56789,4807,1257,Operating Expenses,3160000,3318000,Oct,2024,67885,11096,5032,0.0303
TXN00029,2024-11-15,West,Wireless Mouse,East Region,Tihub,424812.0,248917,34012,5804,27215,Operating Expenses,3210000,3370500,Nov,2024,175895,141883,108864,0.2563
TXN00497,2024-11-15,North,Wireless Mouse,East Region,Yopro,360527.0,215882,82927,6521,11039,Gross Profit,5460000,5023200,Nov,2024,144645,61718,44158,0.1225
TXN00387,2024-09-15,East,External SSD 2TB,South Region,Notek,365351.0,207497,50261,5436,20431,Revenue,12145000,11173400,Sep,2024,157854,107593,81726,0.2237
TXN00286,2025-04-15,East,Wireless Mouse,North Region,Vitek,392030.0,218058,46435,4808,24545,Revenue,12500000,11500000,Apr,2025,173972,127537,98184,0.2505
TXN00325,2024-07-15,South,USB-C Dock,West Region,Begen,342628.0,195091,30650,3056,22766,Net Profit,1530000,1407600,Jul,2024,147537,116887,91065,0.2658
TXN00347,2025-05-15,East,Office Monitor 24,East Region,Apro,405110.0,235708,72850,5561,18198,Operating Expenses,3555000,3732750,May,2025,169402,96552,72793,0.1797
TXN00100,2024-10-15,East,Laptop Stand,North Region,Pazon,339985.0,190987,77193,5004,13360,Operating Expenses,3165000,3323250,Oct,2024,148998,71805,53441,0.1572
TXN00174,2024-12-15,East,4K Monitor 32,East Region,Asys,212381.0,120962,72907,6027,2497,Revenue,12280000,11297600,Dec,2024,91419,18512,9988,0.047
TXN00370,2025-04-15,East,Laptop Pro 14,North Region,Vigen,236277.0,135821,46597,6472,9477,Net Profit,2005000,1844600,Apr,2025,100456,53859,37910,0.1604
TXN00487,2025-01-15,South,Laser Printer,East Region,Halab,197886.0,112230,71523,4161,1994,Revenue,12365000,11375800,Jan,2025,85656,14133,7978,0.0403
TXN00480,2025-06-15,South,Bluetooth Speaker,West Region,Fihub,239750.0,143241,38258,4516,10747,Operating Expenses,3620000,3801000,Jun,2025,96509,58251,42988,0.1793
TXN00327,2024-09-15,North,Webcam HD,East Region,Misys,398976.0,239210,44766,3855,22229,Net Profit,1635000,1504200,Sep,2024,159766,115000,88916,0.2229
TXN00176,2025-02-15,West,USB-C Dock,East Region,Jolab,166454.0,91991,32442,6078,7188,Revenue,12385000,11394200,Feb,2025,74463,42021,28755,0.1728
TXN00178,2025-04-15,North,External SSD 2TB,North Region,Tigen,432735.0,258414,71456,6004,19372,Net Profit,1985000,1826200,Apr,2025,174321,102865,77489,0.1791
TXN00303,2024-09-15,South,Office Monitor 27,North Region,Mimax,382809.0,222773,35371,6192,23694,Gross Profit,5335000,4908200,Sep,2024,160036,124665,94779,0.2476
TXN00082,2025-04-15,North,External SSD 1TB,East Region,Sugen,359737.0,203138,65589,5557,17090,Net Profit,1975000,1817000,Apr,2025,156599,91010,68363,0.19
TXN00357,2025-03-15,East,Laptop Pro 14,South Region,Qipro,437126.0,253588,61674,3735,23625,Gross Profit,5655000,5202600,Mar,2025,183538,121864,94504,0.2162
TXN00205,2024-07-15,East,Office Monitor 27,East Region,Acart,189862.0,110222,57491,4370,3555,Gross Profit,5220000,4802400,Jul,2024,79640,22149,14224,0.0749
TXN00469,2024-07-15,South,Ergonomic Mouse,East Region,Desys,171246.0,98651,33418,6566,6522,Net Profit,1545000,1421400,Jul,2024,72595,39177,26089,0.1523
TXN00426,2024-12-15,West,External SSD 2TB,North Region,Bepro,241619.0,133867,39188,5474,12618,Gross Profit,5505000,5064600,Dec,2024,107752,68564,50472,0.2089
TXN00206,2024-08-15,North,Office Monitor 24,South Region,Figen,215096.0,123492,47240,5672,7738,Net Profit,1570000,1444400,Aug,2024,91604,44364,30954,0.1439
TXN00033,2025-03-15,North,Office Monitor 27,South Region,Nozon,372198.0,217174,35403,2078,23508,Operating Expenses,3420000,3591000,Mar,2025,155024,119621,94035,0.2526
TXN00074,2024-08-15,East,Laptop Pro 14,West Region,Ellab,309579.0,170539,57318,3497,15645,Revenue,12060000,11095200,Aug,2024,139040,81722,62580,0.2021
TXN00406,2025-04-15,East,Desktop Workstation,North Region,Wazon,356909.0,205644,71002,5193,15014,Operating Expenses,3510000,3685500,Apr,2025,151265,80263,60056,0.1683
TXN00097,2024-07-15,South,External SSD 1TB,South Region,Agen,154624.0,92248,87677,3692,-5798,Revenue,12010000,11049200,Jul,2024,62376,-25301,-23195,-0.15
TXN00159,2024-09-15,West,Laptop Pro 14,North Region,Kapro,161809.0,92076,81075,5372,-3342,Gross Profit,5320000,4894400,Sep,2024,69733,-11342,-13372,-0.0826
